Nome do Jogo;Gênero;Desenvolvedora;Console;Data Término;Tempo;Ano de Lançamento;URL Capa
Super Mario Bros. (All Stars);Plataforma;Nintendo;Super Nintendo;30/10/2025;5.62;1985;https://images.igdb.com/igdb/image/upload/t_cover_big/co5k7b.jpg
Super Mario Bros. 2 (All Stars);Plataforma;Nintendo;Super Nintendo;01/01/2001;4;1993;https://images.igdb.com/igdb/image/upload/t_cover_big/co7yq8.jpg
Super Mario Bros. 3 (All Stars);Plataforma;Nintendo;Super Nintendo;03/11/2025;6;1993;https://images.igdb.com/igdb/image/upload/t_cover_big/co7qpe.jpg
Super Mario World;Plataforma;Nintendo;Super Nintendo;24/11/2024;5;1990;https://images.igdb.com/igdb/image/upload/t_cover_big/co4az5.jpg
Donkey Kong Country;Plataforma;RARE;Super Nintendo;10/08/2024;3.02;1994;https://images.igdb.com/igdb/image/upload/t_cover_big/co70qn.jpg
Donkey Kong Country 2;Plataforma;RARE;Super Nintendo;24/11/2024;5;1995;https://images.igdb.com/igdb/image/upload/t_cover_big/co217m.jpg
Donkey Kong Country 3: Dixie Double Trouble;Plataforma;RARE;Super Nintendo;01/12/2024;7.66;1996;https://images.igdb.com/igdb/image/upload/t_cover_big/co217n.jpg
Wild Guns;Ação;Natsume;Super Nintendo;03/05/2001;2;1994;https://images.igdb.com/igdb/image/upload/t_cover_big/coa25v.jpg
Disney's Aladdin;Plataforma;Disney Interactive/Capcom;Super Nintendo;04/02/2001;3;1993;https://images.igdb.com/igdb/image/upload/t_cover_big/co7fan.jpg
Disney's Magical Quest 3 starring Mickey & Donald;Plataforma;Capcom;Super Nintendo;06/02/2001;3;1995;https://images.igdb.com/igdb/image/upload/t_cover_big/co9chv.jpg
F-Zero;Corrida;Nintendo;Super Nintendo;19/02/2001;3;1990;https://images.igdb.com/igdb/image/upload/t_cover_big/co6ufz.jpg
International Superstar Soccer Deluxe;Futebol;KONAMI;Super Nintendo;27/02/2001;9.5;1995;https://images.igdb.com/igdb/image/upload/t_cover_big/co3vl4.jpg
Street Fighter II;Luta;Capcom;Super Nintendo;10/04/2001;2;1992;https://images.igdb.com/igdb/image/upload/t_cover_big/co55et.jpg
Killer Instinct;Luta;RARE;Super Nintendo;01/03/2001;1;1994;https://images.igdb.com/igdb/image/upload/t_cover_big/co93ya.jpg
Super Bomberman;Ação;Hudson Soft;Super Nintendo;13/04/2001;3;1993;https://images.igdb.com/igdb/image/upload/t_cover_big/co69t1.jpg
Super Bomberman 2;Ação;Hudson Soft;Super Nintendo;14/04/2001;3;1994;https://images.igdb.com/igdb/image/upload/t_cover_big/co6af1.jpg
Sonic Advance;Plataforma;SEGA;Gameboy Advance;30/03/2001;3;2001;https://images.igdb.com/igdb/image/upload/t_cover_big/co1upk.jpg
Sonic Advance 2;Plataforma;SEGA;Gameboy Advance;31/03/2001;3.5;2002;https://images.igdb.com/igdb/image/upload/t_cover_big/co1zv8.jpg
Sonic Advance 3;Plataforma;SEGA;Gameboy Advance;01/04/2001;4.5;2004;https://images.igdb.com/igdb/image/upload/t_cover_big/co1zvg.jpg
Mega Man Zero;Ação;Capcom;Gameboy Advance;07/03/2001;4;2002;https://images.igdb.com/igdb/image/upload/t_cover_big/cobkv1.jpg
Mega Man Zero 2;Ação;Capcom;Gameboy Advance;08/03/2001;3.5;2003;https://images.igdb.com/igdb/image/upload/t_cover_big/co203j.jpg
Mega Man Zero 3;Ação;Capcom;Gameboy Advance;09/03/2001;3;2004;https://images.igdb.com/igdb/image/upload/t_cover_big/co204h.jpg
Mega Man Zero 4;Ação;Capcom;Gameboy Advance;10/03/2001;3;2005;https://images.igdb.com/igdb/image/upload/t_cover_big/co204g.jpg
Crash Bandicoot: The Huge Adventure;Plataforma;Activision;Gameboy Advance;28/01/2001;3;2002;https://images.igdb.com/igdb/image/upload/t_cover_big/co3py8.jpg
Crash Bandicoot 2: N-Tranced;Plataforma;Activision;Gameboy Advance;27/01/2001;4;2003;https://images.igdb.com/igdb/image/upload/t_cover_big/co7zdr.jpg
Dragon Ball Z: Supersonic Warriors;Luta;Bandai Games;Gameboy Advance;10/02/2001;3;2004;https://images.igdb.com/igdb/image/upload/t_cover_big/co3y03.jpg
Tekken Advance;Luta;Namco Bandai;Gameboy Advance;12/11/2024;0.18;2001;https://images.igdb.com/igdb/image/upload/t_cover_big/co45q0.jpg
Micro Machines;Corrida;Codemasters;Sega MegaDrive;13/03/2001;3;1991;https://images.igdb.com/igdb/image/upload/t_cover_big/co6pss.jpg
Super Smash Bros.;Luta;Nintendo HAL;Nintendo 64;14/10/2025;4;1999;https://images.igdb.com/igdb/image/upload/t_cover_big/co2tso.jpg
Tom and Jerry: Fists of Fury;Luta;NewKidCo/ VIS Entertainment;Nintendo 64;26/04/2001;5;2000;
Space Invaders;Shmup;Taito Corp.;Nintendo 64;05/04/2001;1;1999;https://images.igdb.com/igdb/image/upload/t_cover_big/coaadg.jpg
Fighting Force 64;Beat 'em Up;Core Design;Nintendo 64;16/02/2001;5;1997;https://images.igdb.com/igdb/image/upload/t_cover_big/co23ia.jpg
Bomberman Hero;Aventura;Hudson Soft;Nintendo 64;14/01/2001;7;1998;https://images.igdb.com/igdb/image/upload/t_cover_big/co6nww.jpg
Fighters Destiny;Luta;Genki;Nintendo 64;14/02/2001;2;1998;https://images.igdb.com/igdb/image/upload/t_cover_big/co2drw.jpg
Fighters Destiny 2;Luta;Genki;Nintendo 64;15/02/2001;6;1999;https://images.igdb.com/igdb/image/upload/t_cover_big/co47p0.jpg
Star Fox 64;Shmup;Nintendo HAL;Nintendo 64;08/04/2001;3;1997;https://images.igdb.com/igdb/image/upload/t_cover_big/cob8pu.jpg
Super Smash Bros. Melee;Luta;Nintendo HAL;Nintendo GameCube;18/04/2001;10;2001;https://images.igdb.com/igdb/image/upload/t_cover_big/co21yv.jpg
New Super Mario Bros. Wii;Plataforma;Nintendo HAL;Nintendo Wii;20/03/2001;9;2009;https://images.igdb.com/igdb/image/upload/t_cover_big/co21tj.jpg
Super Smash Bros. Brawl;Luta;Nintendo HAL;Nintendo Wii;17/04/2001;11.5;2008;https://images.igdb.com/igdb/image/upload/t_cover_big/co221w.jpg
Spin Master;Plataforma;Data East;Arcade;07/04/2001;1;1993;
Metal Slug 5;Run and Gun;SNK Games;Arcade;11/03/2001;1;2003;https://images.igdb.com/igdb/image/upload/t_cover_big/co25th.jpg
Metal Slug X;Run and Gun;SNK Games;Arcade;12/03/2001;1;1999;https://images.igdb.com/igdb/image/upload/t_cover_big/co8ish.jpg
Blue's Journey;Plataforma;SNK Games;Arcade;13/01/2001;1;1991;https://images.igdb.com/igdb/image/upload/t_cover_big/co22yj.jpg
The King of Fighters 2000;Luta;SNK Games;Arcade;25/04/2001;0.5;2000;https://images.igdb.com/igdb/image/upload/t_cover_big/co9elj.jpg
Waku Waku 7;Luta;Sunsoft;Arcade;04/11/2025;0.5;1996;https://images.igdb.com/igdb/image/upload/t_cover_big/co3rki.jpg
Crash Bandicoot;Plataforma;Naughty Dog;PlayStation;25/01/2001;6;1996;https://images.igdb.com/igdb/image/upload/t_cover_big/co555l.jpg
Crash Bandicoot 2: Cortex Strikes Back;Plataforma;Naughty Dog;PlayStation;26/01/2001;6;1997;https://images.igdb.com/igdb/image/upload/t_cover_big/co82vt.jpg
Crash Bandicoot 3: Warped;Plataforma;Naughty Dog;PlayStation;03/08/2024;3.5;1998;https://images.igdb.com/igdb/image/upload/t_cover_big/co873w.jpg
Einhander;Shmup;Square Enix;PlayStation;12/08/2023;3;1997;
Gran Turismo;Corrida;Polyphony Digital;PlayStation;26/09/2025;10.33;1997;https://images.igdb.com/igdb/image/upload/t_cover_big/co6e10.jpg
Gran Turismo 2;Corrida;Polyphony Digital;PlayStation;19/10/2025;48.66;1999;https://images.igdb.com/igdb/image/upload/t_cover_big/co20af.jpg
Tekken 2;Luta;Namco Bandai;PlayStation;20/04/2001;12;1995;https://images.igdb.com/igdb/image/upload/t_cover_big/co8ckt.jpg
Tekken 3;Luta;Namco Bandai;PlayStation;10/12/2024;20;1997;https://images.igdb.com/igdb/image/upload/t_cover_big/co8d7r.jpg
Street Fighter Alpha 3;Luta;Capcom;PlayStation;09/04/2001;1.5;1998;https://images.igdb.com/igdb/image/upload/t_cover_big/co6aku.jpg
Pocket Fighter;Luta;Capcom;PlayStation;25/09/2025;0.3;1997;https://images.igdb.com/igdb/image/upload/t_cover_big/co6dfb.jpg
Bushido Blade 2;Luta;Square Enix;PlayStation;17/01/2001;1;1998;https://images.igdb.com/igdb/image/upload/t_cover_big/co4z6f.jpg
Final Fantasy VII;RPG;Square Enix;PlayStation;17/02/2001;48;1997;https://images.igdb.com/igdb/image/upload/t_cover_big/co2kx2.jpg
Dino Crisis 2;Survival Horror;Capcom;PlayStation;03/02/2001;8;2000;https://images.igdb.com/igdb/image/upload/t_cover_big/co8qbu.jpg
Harry Potter and the Philosopher's Stone;Aventura;EA Games;PlayStation;25/02/2001;6;2001;
Tekken 4;Luta;Namco Bandai;PlayStation 2;13/10/2025;3.79;2001;https://images.igdb.com/igdb/image/upload/t_cover_big/cobo9t.jpg
Tekken 5;Luta;Namco Bandai;PlayStation 2;21/04/2001;2;2005;https://images.igdb.com/igdb/image/upload/t_cover_big/coce47.jpg
Batman: Arkham City;Aventura;Rocksteady;PlayStation 3;10/01/2001;13.5;2009;https://images.igdb.com/igdb/image/upload/t_cover_big/co1voh.jpg
Batman: Arkham Origins;Aventura;Rocksteady;PlayStation 3;11/01/2001;12.5;2013;https://images.igdb.com/igdb/image/upload/t_cover_big/co1nmd.jpg
Grand Theft Auto IV;Ação;Rockstar Games;PlayStation 3;22/02/2001;28;2008;https://images.igdb.com/igdb/image/upload/t_cover_big/co2lbv.jpg
The Darkness II;Tiro em Primeira Pessoa;Digital Extremes;Xbox 360;24/04/2001;6;2012;https://images.igdb.com/igdb/image/upload/t_cover_big/co1mxv.jpg
Resident Evil 4;Survival Horror;Capcom;PC;17/04/2020;16;2005;https://images.igdb.com/igdb/image/upload/t_cover_big/co2wki.jpg
Resident Evil 5;Survival Horror;Capcom;PC;10/04/2023;12;2009;https://images.igdb.com/igdb/image/upload/t_cover_big/cobtgs.jpg
Resident Evil 6;Survival Horror;Capcom;PC;10/04/2020;22;2012;https://images.igdb.com/igdb/image/upload/t_cover_big/cobgod.jpg
Resident Evil Revelations;Survival Horror;Capcom;PC;28/03/2001;10;2012;https://images.igdb.com/igdb/image/upload/t_cover_big/co54dy.jpg
Resident Evil: Operation Raccoon City;Survival Horror;Slant Six Games/ Capcom;PC;20/09/2011;6;2012;https://images.igdb.com/igdb/image/upload/t_cover_big/co20d0.jpg
Tomb Raider (2013);Aventura;Square Enix;PC;28/04/2001;11.5;2013;https://images.igdb.com/igdb/image/upload/t_cover_big/co3hfx.jpg
Tomb Raider: Legend;Aventura;Eidos Interactive;PC;29/04/2001;7;2006;https://images.igdb.com/igdb/image/upload/t_cover_big/co1nnv.jpg
Mega Man X8;Ação;Capcom;PC;06/03/2001;5;2004;https://images.igdb.com/igdb/image/upload/t_cover_big/co3qwt.jpg
Street Fighter IV;Luta;Capcom;PC;11/04/2001;2.5;2008;https://images.igdb.com/igdb/image/upload/t_cover_big/co1w4t.jpg
Street Fighter X Tekken;Luta;Capcom;PC;12/04/2001;2;2012;https://images.igdb.com/igdb/image/upload/t_cover_big/co1w4i.jpg
Driver: San Francisco;Corrida;Ubisoft;PC;13/02/2001;12;2011;https://images.igdb.com/igdb/image/upload/t_cover_big/co2gdt.jpg
Wanted: Weapons of Fate;Tiro em Terceira Pessoa;Warner Bros. Interactive;PC;02/05/2001;5;2009;https://images.igdb.com/igdb/image/upload/t_cover_big/co5x8d.jpg
Ninja Blade;Hack and Slash;Team Ninja;PC;21/03/2001;8.5;2009;https://images.igdb.com/igdb/image/upload/t_cover_big/coc18s.jpg
Tom Clancy's Splinter Cell: Conviction;Tiro em Terceira Pessoa;Ubisoft;PC;27/04/2001;7.5;2010;https://images.igdb.com/igdb/image/upload/t_cover_big/co1ypl.jpg
Assassin's Creed;Ação;Ubisoft;PC;05/09/2011;15;2007;https://images.igdb.com/igdb/image/upload/t_cover_big/co2ed3.jpg
Assassin's Creed II;Ação;Ubisoft;PC;01/02/2015;19;2009;https://images.igdb.com/igdb/image/upload/t_cover_big/co1rcf.jpg
Assassin's Creed: Brotherhood;Ação;Ubisoft;PC;06/01/2001;15;2010;https://images.igdb.com/igdb/image/upload/t_cover_big/cocdky.jpg
Assassin's Creed: Revelations;Ação;Ubisoft;PC;07/01/2001;12.5;2011;https://images.igdb.com/igdb/image/upload/t_cover_big/co600c.jpg
Need For Speed: Most Wanted (2005);Corrida;EA Games;PC;19/03/2001;20.5;2005;https://images.igdb.com/igdb/image/upload/t_cover_big/co209j.jpg
Need For Speed: Carbon;Corrida;EA Games;PC;18/03/2001;12;2006;https://images.igdb.com/igdb/image/upload/t_cover_big/co209k.jpg
Call of Duty 4: Modern Warfare;Tiro em Primeira Pessoa;Infinity Yard/ Activision;PC;14/10/2014;7;2007;https://images.igdb.com/igdb/image/upload/t_cover_big/co1wko.jpg
Call of Duty: Modern Warfare 2;Tiro em Primeira Pessoa;Infinity Yard/ Activision;PC;21/01/2001;6.5;2009;https://images.igdb.com/igdb/image/upload/t_cover_big/co3cwt.jpg
BulletStorm;Tiro em Primeira Pessoa;EA Games;PC;17/08/2013;7.5;2011;https://images.igdb.com/igdb/image/upload/t_cover_big/co7abq.jpg
Call of Duty: Black Ops;Tiro em Primeira Pessoa;Infinity Yard/ Activision;PC;20/01/2001;7;2010;https://images.igdb.com/igdb/image/upload/t_cover_big/co1wkl.jpg
007: Legends;Tiro em Primeira Pessoa;Eurocom/ Activision;PC;02/01/2001;7;2012;https://images.igdb.com/igdb/image/upload/t_cover_big/co203u.jpg
007: Quantum of Solace;Tiro em Primeira Pessoa;Beenox/ Activision;PC;03/01/2001;7;2008;https://images.igdb.com/igdb/image/upload/t_cover_big/co3ega.jpg
James Bond 007: Blood Stone;Tiro em Primeira Pessoa;Bizarre Creations/ Activision;PC;04/03/2012;7;2010;https://images.igdb.com/igdb/image/upload/t_cover_big/co2sn3.jpg
Disney's G'Force;Tiro em Terceira Pessoa;Disney Interactive;PC;05/02/2001;9;2009;https://images.igdb.com/igdb/image/upload/t_cover_big/co1vxj.jpg
Sonic Generations;Aventura;SEGA;PC;03/04/2001;6;2011;https://images.igdb.com/igdb/image/upload/t_cover_big/co1zvv.jpg
Devil May Cry 4;Hack and Slash;Capcom;PC;01/02/2001;13;2008;https://images.igdb.com/igdb/image/upload/t_cover_big/co1u6n.jpg
DMC: Devil May Cry;Hack and Slash;Capcom;PC;08/05/2022;12;2013;https://images.igdb.com/igdb/image/upload/t_cover_big/co1u77.jpg
Batman: Arkham Asylum;Aventura;Rocksteady;PC;09/01/2001;11;2009;https://images.igdb.com/igdb/image/upload/t_cover_big/co1voj.jpg
Braid;Plataforma;Jogo Indie;PC;15/01/2001;5;2008;https://images.igdb.com/igdb/image/upload/t_cover_big/co25ni.jpg
Minecraft;Exploração;Mojang;PC;14/03/2001;80;2011;https://images.igdb.com/igdb/image/upload/t_cover_big/co8fu7.jpg
Onimusha 3: Demon Siege;Hack and Slash;Capcom;PC;22/03/2001;12;2005;https://images.igdb.com/igdb/image/upload/t_cover_big/co4qts.jpg
Remember Me;Hack and Slash;Capcom;PC;12/06/2013;10;2013;https://images.igdb.com/igdb/image/upload/t_cover_big/co2h9u.jpg
Burnout: Paradise;Corrida;EA Games;PC;16/01/2001;13;2008;https://images.igdb.com/igdb/image/upload/t_cover_big/co28p7.jpg
Harry Potter and the Deathly Hallow Pt.1;Aventura;EA Games;PC;23/02/2001;5;2010;
Harry Potter and the Half-Blood Prince;Aventura;EA Games;PC;24/02/2001;6;2009;https://images.igdb.com/igdb/image/upload/t_cover_big/co20du.jpg
Spec Ops: The Line;Tiro em Terceira Pessoa;2K Games;PC;06/04/2001;7;2012;https://images.igdb.com/igdb/image/upload/t_cover_big/co2acb.jpg
Mirror's Edge;Tiro em Primeira Pessoa;EA Games;PC;15/03/2001;6;2008;https://images.igdb.com/igdb/image/upload/t_cover_big/co5gbw.jpg
Sonic The Hedgehog;Plataforma;SEGA;Sega MegaDrive;12/08/2023;2;1991;https://images.igdb.com/igdb/image/upload/t_cover_big/co7pn7.jpg
Sonic The Hedgehog 2;Plataforma;SEGA;Sega MegaDrive;11/06/2016;3;1992;https://images.igdb.com/igdb/image/upload/t_cover_big/co5kkj.jpg
Asphalt 6: Adrenaline;Corrida;Gameloft;Mobile;05/01/2001;8;2010;https://images.igdb.com/igdb/image/upload/t_cover_big/co2lae.jpg
God of War: Betrayal;Hack and Slash;Santa Monica Studios;Mobile;21/02/2001;2;2007;https://images.igdb.com/igdb/image/upload/t_cover_big/co2edk.jpg
Metal Gear Solid: Peace Walker;Tiro em Terceira Pessoa;Kojima Productions/KONAMI;PlayStation 3;20/09/2016;18;2010;https://images.igdb.com/igdb/image/upload/t_cover_big/coawb5.jpg
Disney's The Lion King;Plataforma;Disney Interactive;Super Nintendo;07/02/2001;2.5;1994;https://images.igdb.com/igdb/image/upload/t_cover_big/co4wu6.jpg
Contra III - The Alien Wars;Run and Gun;KONAMI;Super Nintendo;24/01/2001;2;1992;https://images.igdb.com/igdb/image/upload/t_cover_big/co64pi.jpg
Driver 2: The Whellman is Back;Corrida;Reflections Game;PlayStation;12/02/2001;16;2000;
Dragon Ball: Advanced Adventure;Plataforma;Bandai Games;Gameboy Advance;11/02/2001;4;2004;https://images.igdb.com/igdb/image/upload/t_cover_big/co3zef.jpg
Frogger;Plataforma;Hasbro Interactive;PlayStation;18/02/2001;8;1997;https://images.igdb.com/igdb/image/upload/t_cover_big/co49gz.jpg
Portal;Tiro em Primeira Pessoa;Valve;PC;23/03/2001;3;2007;https://images.igdb.com/igdb/image/upload/t_cover_big/co4i78.jpg
Shovel Knight: Shovel of Hope;Plataforma;Yacht Club Games;PC;29/03/2001;7;2014;https://images.igdb.com/igdb/image/upload/t_cover_big/cobaa7.jpg
Resident Evil 3: Nemesis;Survival Horror;Capcom;PlayStation;27/03/2001;7;1999;https://images.igdb.com/igdb/image/upload/t_cover_big/co2vvb.jpg
Undertale;RPG;Toby Fox;PC;30/04/2001;5;2015;https://images.igdb.com/igdb/image/upload/t_cover_big/cob1t2.jpg
007 - The World Is Not Enough;Tiro em Primeira Pessoa;Eurocom/ Activision;Nintendo 64;01/01/2001;5;2000;https://images.igdb.com/igdb/image/upload/t_cover_big/co5xsr.jpg
Gex: Enter The Gecko;Plataforma;Eidos Interactive;PlayStation;20/02/2001;9;1998;https://images.igdb.com/igdb/image/upload/t_cover_big/co2q8n.jpg
Mario Kart 64;Corrida;Nintendo;Nintendo 64;05/03/2001;5;1996;https://images.igdb.com/igdb/image/upload/t_cover_big/co67hm.jpg
Ratchet: Deadlocked;Aventura;Insomniac Games;PlayStation 3;25/03/2001;8;2005;https://images.igdb.com/igdb/image/upload/t_cover_big/co6okr.jpg
Sonic The Hedgehog 3;Plataforma;SEGA;Sega MegaDrive;04/04/2001;3;1994;https://images.igdb.com/igdb/image/upload/t_cover_big/co1zut.jpg
Dissidia Final Fantasy;Luta;Square Enix;PlayStation Portable;09/02/2001;26;2008;https://images.igdb.com/igdb/image/upload/t_cover_big/co205i.jpg
Resident Evil 7: Biohazard;Survival Horror;Capcom;PC;24/05/2023;12;2017;https://images.igdb.com/igdb/image/upload/t_cover_big/cobtwh.jpg
Monument Valley;Puzzle;Ustwo;Mobile;16/03/2001;2;2014;https://images.igdb.com/igdb/image/upload/t_cover_big/coaeoe.jpg
Dissidia 012 Final Fantasy;Luta;Square Enix;PlayStation Portable;08/02/2001;28;2011;https://images.igdb.com/igdb/image/upload/t_cover_big/co205l.jpg
The 3rd Birthday;Tiro em Terceira Pessoa;Square Enix;PlayStation Portable;23/04/2001;10.5;2010;https://images.igdb.com/igdb/image/upload/t_cover_big/co5tmw.jpg
Kingdom Hearts: Birth of Sleep;RPG de Ação;Square Enix;PlayStation Portable;02/03/2001;26;2010;https://images.igdb.com/igdb/image/upload/t_cover_big/co2ych.jpg
Assassin's Creed: Rogue;Ação;Ubisoft;PlayStation 3;08/01/2001;10.5;2014;https://images.igdb.com/igdb/image/upload/t_cover_big/co1xir.jpg
Call of Duty: Modern Warfare 3;Tiro em Primeira Pessoa;Infinity Yard/ Activision;PC;22/01/2001;6;2011;https://images.igdb.com/igdb/image/upload/t_cover_big/co1wkn.jpg
Crash Bandicoot (N Sane Trilogy);Plataforma;Activision;PC;28/06/2022;5;2017;https://images.igdb.com/igdb/image/upload/t_cover_big/co555l.jpg
Injustice 2: Every Battle Defines You;Luta;Netherrealm Games;PC;26/02/2001;5.5;2017;
Crash Bandicoot 2 (N Sane Trilogy);Plataforma;Activision;PC;03/07/2022;5.5;2017;https://images.igdb.com/igdb/image/upload/t_cover_big/cob8xg.jpg
Tekken 7;Luta;Namco Bandai;PC;27/02/2022;8;2015;https://images.igdb.com/igdb/image/upload/t_cover_big/co1w4f.jpg
Resident Evil 2: Remake;Survival Horror;Capcom;PC;26/03/2001;12;2019;
Crash Bandicoot 3: Warped (N Sane Trilogy);Plataforma;Activision;PC;12/07/2022;5;2017;https://images.igdb.com/igdb/image/upload/t_cover_big/co873w.jpg
Sonic Forces;Plataforma;SEGA;PC;02/04/2001;4;2017;https://images.igdb.com/igdb/image/upload/t_cover_big/co1zr8.jpg
Devil May Cry V;Hack and Slash;Capcom;PC;02/02/2001;12;2019;https://images.igdb.com/igdb/image/upload/t_cover_big/co1rb4.jpg
Mortal Kombat X;Luta;Netherrealm Games;PC;17/03/2001;5.5;2011;https://images.igdb.com/igdb/image/upload/t_cover_big/co1y08.jpg
Cuphead;Plataforma;MHDR Studios;PC;30/01/2001;12;2017;https://images.igdb.com/igdb/image/upload/t_cover_big/co62ao.jpg
Celeste;Plataforma;Matt Makes Game;PC;23/01/2001;8;2018;https://images.igdb.com/igdb/image/upload/t_cover_big/cob9dh.jpg
Journey;Aventura;That Game Company;PC;28/02/2001;2;2012;https://images.igdb.com/igdb/image/upload/t_cover_big/co5vwq.jpg
Crash Tag Team Racing;Corrida;Activision;PlayStation Portable;29/01/2001;8;2005;https://images.igdb.com/igdb/image/upload/t_cover_big/co7occ.jpg
Quantum Break;Tiro em Terceira Pessoa;Remedy Interactive;PC;24/03/2001;12;2016;https://images.igdb.com/igdb/image/upload/t_cover_big/co8gsr.jpg
Battlefield 1;Tiro em Primeira Pessoa;DICE/ EA Games;PC;12/01/2001;6.5;2016;https://images.igdb.com/igdb/image/upload/t_cover_big/co2n9d.jpg
Wolfenstein: The New Order;Tiro em Primeira Pessoa;MachineGames;PC;04/05/2001;11.5;2014;https://images.igdb.com/igdb/image/upload/t_cover_big/co21c0.jpg
Call of Duty Modern Warfare Remastered;Tiro em Primeira Pessoa;Infinity Yard/ Activision;PC;18/01/2001;7;2016;https://images.igdb.com/igdb/image/upload/t_cover_big/co1wla.jpg
Wolfenstein: The Old Blood;Tiro em Primeira Pessoa;MachineGames;PC;05/05/2001;6;2015;https://images.igdb.com/igdb/image/upload/t_cover_big/co21et.jpg
Call of Duty: Advanced Warfare;Tiro em Primeira Pessoa;Infinity Yard/ Activision;PC;19/01/2001;7;2014;https://images.igdb.com/igdb/image/upload/t_cover_big/co1wky.jpg
Super Mario 3D World;Plataforma;Nintendo;Nintendo Wii U;15/04/2001;10.5;2013;https://images.igdb.com/igdb/image/upload/t_cover_big/cob8wi.jpg
Superhot;Tiro em Primeira Pessoa;SUPERHOT Team;PC;19/04/2001;5;2016;https://images.igdb.com/igdb/image/upload/t_cover_big/co7ybp.jpg
Detroit: Become Human;Point and Click;Quantic Dream;PC;31/01/2001;15;2018;https://images.igdb.com/igdb/image/upload/t_cover_big/cocot9.jpg
Alan Wake: American Nightmare;Survival Horror;Remedy Interactive;PC;04/01/2001;4;2012;https://images.igdb.com/igdb/image/upload/t_cover_big/co2eh1.jpg
Love Hina Advance: Shukufuku no Kane wa Harukana;Visual Novel;Marvelous;Gameboy Advance;04/03/2001;2;2001;
Limbo;Plataforma;Playdead;PC;03/03/2001;3.5;2010;https://images.igdb.com/igdb/image/upload/t_cover_big/co1qrs.jpg
The Legend of Zelda: Ocarina of Time;RPG de Ação;Nintendo;Nintendo 64;15/06/2012;28.3;1998;https://images.igdb.com/igdb/image/upload/t_cover_big/co3nnx.jpg
Crysis 3;Tiro em Primeira Pessoa;EA Games;PlayStation 3;16/08/2014;7;2013;https://images.igdb.com/igdb/image/upload/t_cover_big/co2on3.jpg
Mortal Kombat 9 (2011);Luta;Netherrealm Games;PlayStation 3;09/11/2014;8;2011;https://images.igdb.com/igdb/image/upload/t_cover_big/co20mc.jpg
Tekken Tag Tournament 2;Luta;Namco Bandai;PlayStation 3;18/12/2014;60;2012;https://images.igdb.com/igdb/image/upload/t_cover_big/co1w4k.jpg
Metal Gear Rising: Revengeance;Hack and Slash;Platinium Games/KONAMI;PlayStation 3;07/01/2015;7;2013;https://images.igdb.com/igdb/image/upload/t_cover_big/co2l1t.jpg
Metal Gear Solid 4: Guns of the Patriots;Tiro em Terceira Pessoa;Kojima Productions/KONAMI;PlayStation 3;23/01/2015;26;2008;https://images.igdb.com/igdb/image/upload/t_cover_big/co5eju.jpg
God of War: Ascencion;Hack and Slash;Santa Monica Studios;PlayStation 3;30/01/2015;9;2013;
Assassin's Creed IV: Black Flag;Ação;Ubisoft;PlayStation 3;06/02/2015;23;2013;https://images.igdb.com/igdb/image/upload/t_cover_big/co4qfn.jpg
Call of Duty: Ghosts;Tiro em Primeira Pessoa;Infinity Yard/ Activision;PlayStation 3;07/02/2015;6;2013;https://images.igdb.com/igdb/image/upload/t_cover_big/co3b15.jpg
Injustice: Gods Amoug Us;Luta;Netherrealm Games;PlayStation 3;11/03/2015;5.5;2013;
Tom Clancy's Splinter Cell: Blacklist;Tiro em Terceira Pessoa;Ubisoft;PlayStation 3;29/03/2015;11;2013;https://images.igdb.com/igdb/image/upload/t_cover_big/co1ygp.jpg
Watch_Dogs;Ação;Ubisoft;PlayStation 3;08/04/2015;19.5;2014;https://images.igdb.com/igdb/image/upload/t_cover_big/co2p5w.jpg
Naruto Shippuuden Ultimate Ninja Storm 3;Luta;Bandai Games;PlayStation 3;14/08/2015;13;2013;
Gran Turismo 6;Corrida;Polyphony Digital;PlayStation 3;23/08/2015;44.5;2013;https://images.igdb.com/igdb/image/upload/t_cover_big/co3wi4.jpg
Battlefield 3;Tiro em Primeira Pessoa;DICE/ EA Games;PlayStation 3;28/08/2015;6;2011;https://images.igdb.com/igdb/image/upload/t_cover_big/co1xbu.jpg
Metal Gear Solid 3: Snake Eater;Tiro em Terceira Pessoa;Kojima Productions/KONAMI;PlayStation 3;01/10/2015;16;2004;https://images.igdb.com/igdb/image/upload/t_cover_big/co5ei5.jpg
Uncharted 3: Drake's Deception;Tiro em Terceira Pessoa;Naughty Dog;PlayStation 3;12/10/2015;9;2011;https://images.igdb.com/igdb/image/upload/t_cover_big/co1tp8.jpg
Assassin's Creed III;Ação;Ubisoft;PlayStation 3;05/11/2015;16;2012;https://images.igdb.com/igdb/image/upload/t_cover_big/co1xii.jpg
Killzone 3;Tiro em Primeira Pessoa;Guerrila Games;PlayStation 3;17/11/2015;7;2011;https://images.igdb.com/igdb/image/upload/t_cover_big/co2mer.jpg
Far Cry 3;Tiro em Primeira Pessoa;Ubisoft;PlayStation 3;13/01/2016;25;2012;https://images.igdb.com/igdb/image/upload/t_cover_big/co1vpd.jpg
Call of Duty: Black Ops II;Tiro em Primeira Pessoa;Infinity Yard/ Activision;PlayStation 3;02/02/2016;7;2012;https://images.igdb.com/igdb/image/upload/t_cover_big/co1wkv.jpg
The Walking Dead: Season One;Point and Click;Telltale Games;PlayStation 3;25/02/2016;2.5;2012;https://images.igdb.com/igdb/image/upload/t_cover_big/co2j1g.jpg
The Last of Us;Survival Horror;Naughty Dog;PlayStation 3;03/08/2016;15;2013;https://images.igdb.com/igdb/image/upload/t_cover_big/co1r7f.jpg
inFamous;Aventura;Sucker Punch Productions;PlayStation 3;04/08/2016;15;2009;https://images.igdb.com/igdb/image/upload/t_cover_big/co525t.jpg
God of War;Hack and Slash;Santa Monica Studios;PlayStation 3;07/08/2016;9;2005;https://images.igdb.com/igdb/image/upload/t_cover_big/cobkt6.jpg
God of War II;Hack and Slash;Santa Monica Studios;PlayStation 3;25/08/2016;12;2007;https://images.igdb.com/igdb/image/upload/t_cover_big/co3dim.jpg
Metal Gear Solid V: Ground Zeroes;Tiro em Terceira Pessoa;Kojima Productions/KONAMI;PlayStation 3;01/12/2016;2;2015;https://images.igdb.com/igdb/image/upload/t_cover_big/co1v88.jpg
Grand Theft Auto V;Ação;Rockstar Games;PlayStation 3;05/12/2016;35;2013;https://images.igdb.com/igdb/image/upload/t_cover_big/co2lbd.jpg
Ratchet & Clank: Full Frontal Assault;Tiro em Terceira Pessoa;Insomniac Games;PlayStation 3;12/12/2016;5;2012;https://images.igdb.com/igdb/image/upload/t_cover_big/co230o.jpg
Kingdom: Classic;Aventura;Raw Fury Games;PC;07/01/2018;10;2015;https://images.igdb.com/igdb/image/upload/t_cover_big/co28fs.jpg
UFC Undisputed 2010;Luta;THQ Nordic;PlayStation 3;01/06/2018;24;2010;https://images.igdb.com/igdb/image/upload/t_cover_big/co3g9i.jpg
PlayStation All-Stars Battle Royale;Luta;SuperBot Entertainment/ SCE Santa Monica;PlayStation 3;26/08/2018;3.5;2012;https://images.igdb.com/igdb/image/upload/t_cover_big/co2ssv.jpg
inFamous: Festival of Blood;Aventura;Sucker Punch Productions;PlayStation 3;26/09/2018;3;2011;https://images.igdb.com/igdb/image/upload/t_cover_big/co1yh0.jpg
Max Payne 3;Tiro em Terceira Pessoa;Rockstar Games;PlayStation 3;02/12/2018;10;2012;https://images.igdb.com/igdb/image/upload/t_cover_big/co2mjo.jpg
God of War: Chains of Olympus;Hack and Slash;Ready at Dawn/Santa Monica Studios;PlayStation 3;12/12/2018;5.5;2008;https://images.igdb.com/igdb/image/upload/t_cover_big/co5qi2.jpg
God of War: Ghost of Sparta;Hack and Slash;Ready at Dawn/Santa Monica Studios;PlayStation 3;25/12/2018;6.5;2010;https://images.igdb.com/igdb/image/upload/t_cover_big/co5qi1.jpg
Soul Calibur V;Luta;Namco Bandai Games;PlayStation 3;02/01/2019;3;2012;https://images.igdb.com/igdb/image/upload/t_cover_big/co1ta1.jpg
Battlefield 4;Tiro em Primeira Pessoa;DICE/ EA Games;PlayStation 3;03/01/2019;6;2013;https://images.igdb.com/igdb/image/upload/t_cover_big/co1nmf.jpg
Assassin's Creed III: Liberation HD;Ação;Ubisoft;PlayStation 3;07/01/2019;8;2012;https://images.igdb.com/igdb/image/upload/t_cover_big/co1xin.jpg
EA Sports MMA;Luta;EA Sports;PlayStation 3;09/01/2019;14;2010;https://images.igdb.com/igdb/image/upload/t_cover_big/co60jx.jpg
Killer Instinct: Definitive Edition;Luta;RARE;PC;07/03/2020;3.5;2013;https://images.igdb.com/igdb/image/upload/t_cover_big/co2x5b.jpg
Ryse: Son of Rome;Aventura;Microsoft Studios;PC;22/03/2020;7;2013;https://images.igdb.com/igdb/image/upload/t_cover_big/co2r7y.jpg
Homefront;Tiro em Primeira Pessoa;KAOS Studio;PC;03/05/2020;4.33;2011;https://images.igdb.com/igdb/image/upload/t_cover_big/co2j9b.jpg
Life Is Strange;Aventura;DONTNOD/Square Enix;PC;18/05/2020;12;2015;https://images.igdb.com/igdb/image/upload/t_cover_big/co1r8e.jpg
Minecraft Dungeons;Dungeon Crawler;MOJANG Studios;PC;31/05/2020;5.5;2020;https://images.igdb.com/igdb/image/upload/t_cover_big/co233r.jpg
Marvel Vs. Capcom: Infinite;Luta;Capcom;PC;11/06/2020;5;2017;https://images.igdb.com/igdb/image/upload/t_cover_big/co1wqa.jpg
The Awesome Adventures of Captain Spirit;Point and Click;DONTNOD/Square Enix;PC;12/06/2020;2;2018;https://images.igdb.com/igdb/image/upload/t_cover_big/cobugo.jpg
Dead Rising 4;Survival Horror;Capcom;PC;12/06/2020;14;2016;https://images.igdb.com/igdb/image/upload/t_cover_big/co2gzo.jpg
Sunset Overdrive;Aventura;Insomniac Games;PC;12/07/2020;12;2014;https://images.igdb.com/igdb/image/upload/t_cover_big/co20td.jpg
Assassin's Creed: Unity;Ação;Ubisoft;PC;17/07/2020;17;2014;https://images.igdb.com/igdb/image/upload/t_cover_big/co2fot.jpg
Assassin's Creed: Syndicate;Ação;Ubisoft;PC;18/07/2020;23;2015;https://images.igdb.com/igdb/image/upload/t_cover_big/co4lgq.jpg
Assassin's Creed: Origins;Ação;Ubisoft;PC;03/08/2020;32;2017;https://images.igdb.com/igdb/image/upload/t_cover_big/co23ob.jpg
Lara Croft GO;Puzzle;Square Enix;PC;15/08/2020;4.5;2015;https://images.igdb.com/igdb/image/upload/t_cover_big/co1xo1.jpg
Resident Evil 3: Remake;Survival Horror;Capcom;PC;26/09/2020;5.58;2020;
Mortal Kombat 11;Luta;Netherrealm Games;PC;15/10/2020;6;2020;https://images.igdb.com/igdb/image/upload/t_cover_big/co20mh.jpg
Sonic Mania;Plataforma;SEGA;PC;31/10/2020;10;2017;https://images.igdb.com/igdb/image/upload/t_cover_big/cob1t0.jpg
New Super Mario Bros. U;Plataforma;Nintendo;Nintendo Wii U;10/11/2020;9;2012;https://images.igdb.com/igdb/image/upload/t_cover_big/co21ts.jpg
Hyrule Warriors;Hack and Slash;Koei Tecmo;Nintendo Wii U;20/11/2020;13;2014;https://images.igdb.com/igdb/image/upload/t_cover_big/co3p0r.jpg
Hard Reset Redux;Tiro em Primeira Pessoa;Flying Wild Hog;PC;21/12/2020;8.33;2011;https://images.igdb.com/igdb/image/upload/t_cover_big/co283a.jpg
Borderlands GOTY Enhanced;Tiro em Primeira Pessoa;2K Games;PC;29/12/2020;19;2007;
Streets of Rage 4;Beat 'em Up;Dotemu;PC;14/01/2021;10;2020;https://images.igdb.com/igdb/image/upload/t_cover_big/co2dru.jpg
The Legend of Zelda: Breath of the Wild;RPG de Ação;Nintendo;Nintendo Switch;24/04/2026;85;2017;https://images.igdb.com/igdb/image/upload/t_cover_big/co3p2d.jpg
Doom Eternal;Tiro em Primeira Pessoa;ID Software;PC;10/02/2021;21;2020;https://images.igdb.com/igdb/image/upload/t_cover_big/co3p5n.jpg
Alan Wake;Survival Horror;Remedy Interactive;PC;11/02/2021;18;2012;https://images.igdb.com/igdb/image/upload/t_cover_big/co2dft.jpg
Dead Rising 3;Survival Horror;Capcom;PC;20/04/2021;28.75;2013;https://images.igdb.com/igdb/image/upload/t_cover_big/co2pvc.jpg
Kirby Star Allies;Plataforma;Nintendo;Nintendo Switch;01/05/2021;5.5;2018;https://images.igdb.com/igdb/image/upload/t_cover_big/co8ezz.jpg
A Plague Tale: Innocence;Survival Horror;ASOBO Studios;PC;05/06/2021;13.67;2019;https://images.igdb.com/igdb/image/upload/t_cover_big/co1lat.jpg
Spyro The Dragon (Reignited Trilogy);Plataforma;Activision;PC;28/06/2021;8;2018;https://images.igdb.com/igdb/image/upload/t_cover_big/cob92j.jpg
Call of Duty: World War II;Tiro em Primeira Pessoa;Activision;PC;15/07/2021;7;2017;https://images.igdb.com/igdb/image/upload/t_cover_big/co1rdj.jpg
The Legend of Zelda: Link's Awakening;RPG de Ação;Nintendo;Nintendo Switch;26/10/2021;22.54;2019;https://images.igdb.com/igdb/image/upload/t_cover_big/co1qve.jpg
Dishonored;Tiro em Primeira Pessoa;Arkane Studios;PC;22/08/2021;10.029999999999999;2012;https://images.igdb.com/igdb/image/upload/t_cover_big/coabgu.jpg
Dishonored 2;Tiro em Primeira Pessoa;Arkane Studios;PC;14/09/2021;15.75;2016;https://images.igdb.com/igdb/image/upload/t_cover_big/co9e29.jpg
Super Mario Odyssey;Plataforma;Nintendo;Nintendo Switch;01/11/2021;28;2017;https://images.igdb.com/igdb/image/upload/t_cover_big/co1mxf.jpg
Resident Evil: Village;Survival Horror;Capcom;PC;10/12/2021;10.029999999999999;2021;https://images.igdb.com/igdb/image/upload/t_cover_big/coab9q.jpg
Call of Juarez: Gunslinger;Tiro em Primeira Pessoa;Techland;PC;14/12/2021;4.8;2013;https://images.igdb.com/igdb/image/upload/t_cover_big/coag64.jpg
Final Fantasy VII Remake;RPG de Ação;Square Enix;PC;14/01/2022;37.33;2020;https://images.igdb.com/igdb/image/upload/t_cover_big/cobcwt.jpg
God of War (2018);RPG de Ação;Santa Monica Studios;PC;29/01/2022;28.75;2018;https://images.igdb.com/igdb/image/upload/t_cover_big/cobkt6.jpg
Mafia: Definitive Edition;Ação;Hangar 13;PC;01/02/2022;13.2;2020;https://images.igdb.com/igdb/image/upload/t_cover_big/co26vl.jpg
Mega Man (Legacy Collection);Plataforma;Capcom;Nintendo 8-bits;11/02/2022;5;1987;https://images.igdb.com/igdb/image/upload/t_cover_big/co64rs.jpg
Mega Man 2 (Legacy Collection);Plataforma;Capcom;Nintendo 8-bits;14/02/2022;4.5;1988;https://images.igdb.com/igdb/image/upload/t_cover_big/co5x42.jpg
Mega Man 3 (Legacy Collection);Plataforma;Capcom;Nintendo 8-bits;15/02/2022;3;1990;https://images.igdb.com/igdb/image/upload/t_cover_big/co55ce.jpg
Mega Man 4 (Legacy Collection);Plataforma;Capcom;Nintendo 8-bits;16/02/2022;2.5;1991;https://images.igdb.com/igdb/image/upload/t_cover_big/co5ssy.jpg
Mega Man 5 (Legacy Collection);Plataforma;Capcom;Nintendo 8-bits;18/02/2022;3;1992;https://images.igdb.com/igdb/image/upload/t_cover_big/co5x45.jpg
Mega Man 6 (Legacy Collection);Plataforma;Capcom;Nintendo 8-bits;18/02/2022;2.83;1993;https://images.igdb.com/igdb/image/upload/t_cover_big/co55cf.jpg
Mega Man 7 (Legacy Collection);Plataforma;Capcom;Super Nintendo;24/02/2022;5;1995;https://images.igdb.com/igdb/image/upload/t_cover_big/co6o8y.jpg
Crysis 2;Tiro em Primeira Pessoa;EA Games;PC;08/05/2022;7.47;2011;https://images.igdb.com/igdb/image/upload/t_cover_big/co2on2.jpg
Destroy All Humans!;Plataforma;THQ Nordic;PC;08/05/2022;10;2020;https://images.igdb.com/igdb/image/upload/t_cover_big/co2g6j.jpg
Battlefield V;Tiro em Primeira Pessoa;EA Games;PC;23/05/2022;7;2018;https://images.igdb.com/igdb/image/upload/t_cover_big/co1xbv.jpg
Sonic The Hedgehog 4 Episode 1;Plataforma;SEGA;PC;15/06/2022;4;2010;https://images.igdb.com/igdb/image/upload/t_cover_big/co1zvr.jpg
Teenage Mutant Ninja Turtles: Shredder's Revenge;Beat 'em Up;Dotemu;PC;09/07/2022;4;2022;https://images.igdb.com/igdb/image/upload/t_cover_big/co4w87.jpg
Reventure;Plataforma;Pixelatto;PC;12/07/2022;17;2019;https://images.igdb.com/igdb/image/upload/t_cover_big/co2e1x.jpg
Call of Duty: Black Ops III;Tiro em Primeira Pessoa;Activision;PC;06/08/2022;12;2015;https://images.igdb.com/igdb/image/upload/t_cover_big/co20yw.jpg
NieR: Automata;RPG de Ação;Square Enix;PC;10/08/2022;11.05;2017;https://images.igdb.com/igdb/image/upload/t_cover_big/co5pcj.jpg
State of Decay 2 GOTY;Survival Horror;Undead Labs;PC;08/09/2022;37;2018;
Slime Rancher;Aventura;Monomi Park;PC;12/09/2022;22;2016;https://images.igdb.com/igdb/image/upload/t_cover_big/co73i2.jpg
Crash Bandicoot: The Wrath of Cortex;Plataforma;Traveller's Tales;PlayStation 2;27/09/2022;8;2001;https://images.igdb.com/igdb/image/upload/t_cover_big/co55ex.jpg
Marvel's Spider Man Remastered;Aventura;Insomniac Games;PC;07/10/2022;18;2018;https://images.igdb.com/igdb/image/upload/t_cover_big/cobg1l.jpg
Marvel's Spider Man Miles Morales;Aventura;Insomniac Games;PC;15/10/2022;8;2020;https://images.igdb.com/igdb/image/upload/t_cover_big/cobg1j.jpg
A Lenda do Herói;Plataforma;Dumativa Studios;PC;17/10/2022;7;2016;
Streets of Kamurocho;Beat 'em Up;SEGA;PC;26/10/2022;0.17;2020;https://images.igdb.com/igdb/image/upload/t_cover_big/co2j8d.jpg
Disney's The Little Mermaid;Plataforma;Capcom;Nintendo 8-bits;26/10/2022;0.53;1991;https://images.igdb.com/igdb/image/upload/t_cover_big/co4wu5.jpg
Chiki Chiki Boys;Plataforma;Capcom;Sega MegaDrive;01/11/2022;1;1990;
Katana ZERO;Plataforma;Askiisoft;PC;09/11/2022;4.33;2019;https://images.igdb.com/igdb/image/upload/t_cover_big/co1isp.jpg
Naruto: Ninja Council;Plataforma;TOMY;Gameboy Advance;11/11/2022;1.5;2010;https://images.igdb.com/igdb/image/upload/t_cover_big/co1uhq.jpg
The Outfoxies;Luta;Namco Bandai;Arcade;12/11/2022;1.33;1995;https://images.igdb.com/igdb/image/upload/t_cover_big/coa0vj.jpg
Dungeons & Dragons: Shadow Over Mystara;Beat 'em Up;Capcom;Arcade;16/11/2022;1;1996;https://images.igdb.com/igdb/image/upload/t_cover_big/coc7nb.jpg
Dungeons & Dragons: Tower of Doom;Beat 'em Up;Capcom;Arcade;16/11/2022;1;1994;https://images.igdb.com/igdb/image/upload/t_cover_big/co26ez.jpg
Warrior Blade: Rastan Saga Episode III;Beat 'em Up;Taito;Arcade;17/11/2022;0.83;1991;https://images.igdb.com/igdb/image/upload/t_cover_big/co4pz6.jpg
Golden Axe: The Revenge of Death-Adder;Beat 'em Up;SEGA;Arcade;17/11/2022;1;1992;
Alien Vs. Predator;Beat 'em Up;Capcom;Arcade;17/11/2022;1;1994;https://images.igdb.com/igdb/image/upload/t_cover_big/co2krk.jpg
Days Gone;Survival Horror;Bend Studios;PC;22/11/2022;38.42;2019;https://images.igdb.com/igdb/image/upload/t_cover_big/co94bn.jpg
Street Fighter II - The World Warriors (Capcom Arcade Stadium);Luta;Capcom;Arcade;30/11/2022;1;1991;https://images.igdb.com/igdb/image/upload/t_cover_big/co55et.jpg
1943: The Battle of Midway (Capcom Arcade Stadium);Shmup;Capcom;Arcade;30/11/2022;1.33;1987;https://images.igdb.com/igdb/image/upload/t_cover_big/co2oz6.jpg
Ghost'n Goblins (Capcom Arcade Stadium);Plataforma;Capcom;Arcade;01/12/2022;1.25;1985;https://images.igdb.com/igdb/image/upload/t_cover_big/co20fk.jpg
Hanna Barbera Turbo Toons;Corrida;Empire Software;Super Nintendo;02/12/2022;0.17;1994;https://images.igdb.com/igdb/image/upload/t_cover_big/co5z1g.jpg
Tekken;Luta;Namco Bandai;PlayStation;02/12/2022;0.38;1994;https://images.igdb.com/igdb/image/upload/t_cover_big/co8aww.jpg
Virtua Fighter 2;Luta;SEGA;Sega MegaDrive;02/12/2022;0.53;1993;https://images.igdb.com/igdb/image/upload/t_cover_big/coavy0.jpg
Dead or Alive;Luta;Tecmo;PlayStation;03/12/2022;0.38;1996;https://images.igdb.com/igdb/image/upload/t_cover_big/co8tws.jpg
Bushido Blade;Luta;Square Enix;PlayStation;03/12/2022;0.25;1997;https://images.igdb.com/igdb/image/upload/t_cover_big/co1y80.jpg
Soul Edge (Blade);Luta;Namco Bandai;PlayStation;03/12/2022;0.3;1995;https://images.igdb.com/igdb/image/upload/t_cover_big/co8c9s.jpg
Mortal Kombat 4;Luta;Midway;PlayStation;04/12/2022;0.33;1997;https://images.igdb.com/igdb/image/upload/t_cover_big/co53gp.jpg
Golden Axed: A Cancelled Prototype;Beat 'em Up;SEGA;PC;04/12/2022;0.1;2020;https://images.igdb.com/igdb/image/upload/t_cover_big/co2p37.jpg
Alex Kidd in the Enchanted Castle (SEGA Classics);Plataforma;SEGA;Sega MegaDrive;05/12/2022;1;1989;https://images.igdb.com/igdb/image/upload/t_cover_big/co288y.jpg
Alien Storm (SEGA Classics);Beat 'em Up;Treasure;Sega MegaDrive;07/12/2022;1;1990;https://images.igdb.com/igdb/image/upload/t_cover_big/co2er6.jpg
Streets of Rage (SEGA Classics);Beat 'em Up;SEGA;Sega MegaDrive;08/12/2022;1;1991;https://images.igdb.com/igdb/image/upload/t_cover_big/co49sf.jpg
Streets of Rage 2 (SEGA Classics);Beat 'em Up;SEGA;Sega MegaDrive;09/12/2022;1;1992;https://images.igdb.com/igdb/image/upload/t_cover_big/co49sn.jpg
Streets of Rage 3 (SEGA Classics);Beat 'em Up;SEGA;Sega MegaDrive;09/12/2022;1.1000000000000001;1994;https://images.igdb.com/igdb/image/upload/t_cover_big/co49sd.jpg
Altered Beast (SEGA Classics);Plataforma;SEGA;Sega MegaDrive;10/12/2022;0.33;1988;https://images.igdb.com/igdb/image/upload/t_cover_big/cobuxa.jpg
Final Fight (Capcom Arcade Stadium);Beat 'em Up;Capcom;Arcade;10/12/2022;1;1989;https://images.igdb.com/igdb/image/upload/t_cover_big/co4a0q.jpg
Ultimate Marvel Vs. Capcom 3;Luta;Capcom;PC;10/12/2022;0.83;2011;https://images.igdb.com/igdb/image/upload/t_cover_big/co1yej.jpg
Vectorman (SEGA Classics);Plataforma;SEGA;Sega MegaDrive;11/12/2022;1;1995;https://images.igdb.com/igdb/image/upload/t_cover_big/co3s8c.jpg
Vectorman 2 (SEGA Classics);Plataforma;SEGA;Sega MegaDrive;12/12/2022;1;1996;https://images.igdb.com/igdb/image/upload/t_cover_big/co4t7m.jpg
Ikari Warriors (SNK 40th Anniversary Collection);Shmup;SNK Games;Arcade;16/12/2022;0.75;1986;https://images.igdb.com/igdb/image/upload/t_cover_big/co7n50.jpg
Golden Axe (SEGA Classics);Beat 'em Up;SEGA;Sega MegaDrive;17/12/2022;1;1989;https://images.igdb.com/igdb/image/upload/t_cover_big/co25qt.jpg
Golden Axe 2 (SEGA Classics);Beat 'em Up;SEGA;Sega MegaDrive;17/12/2022;1;1991;https://images.igdb.com/igdb/image/upload/t_cover_big/co2qgu.jpg
Golden Axe 3 (SEGA Classics);Beat 'em Up;SEGA;Sega MegaDrive;17/12/2022;1;1993;https://images.igdb.com/igdb/image/upload/t_cover_big/co28b8.jpg
Ristar (SEGA Classics);Plataforma;SEGA;Sega MegaDrive;18/12/2022;1;1995;https://images.igdb.com/igdb/image/upload/t_cover_big/co9p00.jpg
Super Bomberman 3;Ação;Hudson Soft;Super Nintendo;21/12/2022;1.5;1995;https://images.igdb.com/igdb/image/upload/t_cover_big/co63go.jpg
Carrier Air Wing (Capcom Arcade Stadium);Shmup;Capcom;Arcade;23/12/2022;1;1990;https://images.igdb.com/igdb/image/upload/t_cover_big/co31fd.jpg
The Legend of Zelda;RPG de Ação;Nintendo;Nintendo 8-bits;24/12/2022;8.2799999999999994;1986;https://images.igdb.com/igdb/image/upload/t_cover_big/co1uii.jpg
19XX: The War Against Destiny (Capcom Arcade Stadium);Shmup;Capcom;Arcade;24/12/2022;1;1996;https://images.igdb.com/igdb/image/upload/t_cover_big/cob4cm.jpg
1944: The Loop Master (Capcom Arcade Stadium);Shmup;Capcom;Arcade;25/12/2022;1.5;2000;https://images.igdb.com/igdb/image/upload/t_cover_big/co2kqq.jpg
Teenage Mutant Ninja Turtles (The Cowabunga Collection);Beat 'em Up;KONAMI;Arcade;26/12/2022;1;1989;https://images.igdb.com/igdb/image/upload/t_cover_big/co4iax.jpg
1941: Counter Attack (Capcom Arcade Stadium);Shmup;Capcom;Arcade;26/12/2022;1;1990;https://images.igdb.com/igdb/image/upload/t_cover_big/co2kqr.jpg
1942 (Capcom Arcade Stadium);Shmup;Capcom;Arcade;26/12/2022;1.5;1984;https://images.igdb.com/igdb/image/upload/t_cover_big/cobtro.jpg
Senjo no Okami (Capcom Arcade Stadium);Shmup;Capcom;Arcade;26/12/2022;1;1985;https://images.igdb.com/igdb/image/upload/t_cover_big/co62oy.jpg
Progear (Capcom Arcade Stadium);Shmup;Capcom;Arcade;29/12/2022;0.8;2001;https://images.igdb.com/igdb/image/upload/t_cover_big/co2oj8.jpg
Giga Wing (Capcom Arcade Stadium);Shmup;Capcom;Arcade;01/01/2023;0.9;1999;https://images.igdb.com/igdb/image/upload/t_cover_big/co40i0.jpg
Forgotten Worlds (Capcom Arcade Stadium);Shmup;Capcom;Arcade;01/01/2023;1;1988;https://images.igdb.com/igdb/image/upload/t_cover_big/co26j3.jpg
Cyberbots: Fullmetal Madness (Capcom Arcade Stadium);Luta;Capcom;Arcade;03/01/2023;1;1995;https://images.igdb.com/igdb/image/upload/t_cover_big/coa6hu.jpg
Battle Circuit (Capcom Arcade Stadium);Beat 'em Up;Capcom;Arcade;03/01/2023;1.3;1997;https://images.igdb.com/igdb/image/upload/t_cover_big/coblwk.jpg
Captain Commando (Capcom Arcade Stadium);Beat 'em Up;Capcom;Arcade;04/01/2023;1;1991;https://images.igdb.com/igdb/image/upload/t_cover_big/co8sq7.jpg
Dynasty Wars (Capcom Arcade Stadium);Beat 'em Up;Capcom;Arcade;06/01/2023;1;1989;https://images.igdb.com/igdb/image/upload/t_cover_big/co9ct9.jpg
Warriors of Fate (Capcom Arcade Stadium);Beat 'em Up;Capcom;Arcade;07/01/2023;1;1992;https://images.igdb.com/igdb/image/upload/t_cover_big/co2gh5.jpg
Varth: Operation Thunderstorm (Capcom Arcade Stadium);Shmup;Capcom;Arcade;07/01/2023;1.5;1992;https://images.igdb.com/igdb/image/upload/t_cover_big/co3rkt.jpg
Super Mario 3D Land;Plataforma;Nintendo;Nintendo 3DS;08/01/2023;4.45;2011;https://images.igdb.com/igdb/image/upload/t_cover_big/cobab1.jpg
New Super Mario Bros. 2;Plataforma;Nintendo;Nintendo 3DS;08/01/2023;3.65;2012;https://images.igdb.com/igdb/image/upload/t_cover_big/cobaah.jpg
Vulgus (Capcom Arcade Stadium);Shmup;Capcom;Arcade;10/01/2023;0.78;1984;https://images.igdb.com/igdb/image/upload/t_cover_big/co7lma.jpg
Mighty Final Fight;Beat 'em Up;Capcom;Nintendo 8-bits;11/01/2023;1.2;1993;https://images.igdb.com/igdb/image/upload/t_cover_big/co3c4b.jpg
Senjo no Okami II (Capcom Arcade Stadium);Shmup;Capcom;Arcade;11/01/2023;1.1000000000000001;1990;https://images.igdb.com/igdb/image/upload/t_cover_big/co62oy.jpg
Legendary Wings (Capcom Arcade Stadium);Shmup;Capcom;Arcade;11/01/2023;1.6;1986;https://images.igdb.com/igdb/image/upload/t_cover_big/co4qvi.jpg
Super Smash Bros. For Wii U;Luta;Nintendo HAL;Nintendo Wii U;12/01/2023;0.25;2014;https://images.igdb.com/igdb/image/upload/t_cover_big/co213x.jpg
Super Bomberman 4;Plataforma;Hudson Soft;Super Nintendo;14/01/2023;1.08;1996;https://images.igdb.com/igdb/image/upload/t_cover_big/co2rh0.jpg
Super Bomberman 5;Plataforma;Hudson Soft;Super Nintendo;16/01/2023;1.4;1997;https://images.igdb.com/igdb/image/upload/t_cover_big/co2w8i.jpg
SectionZ;Shmup;Capcom;Arcade;17/01/2023;0.21;1985;
The Legend of Zelda: Ocarina of Time 3D;RPG de Ação;Nintendo;Nintendo 3DS;20/01/2023;22.6;2011;https://images.igdb.com/igdb/image/upload/t_cover_big/co600u.jpg
Teenage Mutant Ninja Turtles: Turtles in Time (The Cowabunga Collection);Beat 'em Up;KONAMI;Arcade;21/01/2023;0.85;1991;https://images.igdb.com/igdb/image/upload/t_cover_big/co987w.jpg
Teenage Mutant Ninja Turtles IV: Turtles in Time (The Cowabunga Collection);Beat 'em Up;KONAMI;Super Nintendo;21/01/2023;0.55000000000000004;1992;https://images.igdb.com/igdb/image/upload/t_cover_big/co7ruz.jpg
Pirate Ship Higemaru (Capcom Arcade Stadium);Plataforma;Capcom;Arcade;24/01/2023;0.8;1984;https://images.igdb.com/igdb/image/upload/t_cover_big/co3pos.jpg
Powered Gear - Strategic Variant Armor Equipment (Capcom Arcade Stadium);Beat 'em Up;Capcom;Arcade;24/01/2023;1;1994;https://images.igdb.com/igdb/image/upload/t_cover_big/co636p.jpg
Strider (Capcom Arcade Stadium);Plataforma;Capcom;Arcade;24/01/2023;0.9;1989;https://images.igdb.com/igdb/image/upload/t_cover_big/co9ijs.jpg
Tatakai no Banka (Capcom Arcade Stadium);Plataforma;Capcom;Arcade;24/01/2023;1;1986;https://images.igdb.com/igdb/image/upload/t_cover_big/co3xyq.jpg
Hi-Fi Rush;Plataforma;Tango Gameworks;PC;28/01/2023;9.2799999999999994;2023;https://images.igdb.com/igdb/image/upload/t_cover_big/co6219.jpg
Ghouls'n Ghosts (Capcom Arcade Stadium);Plataforma;Capcom;Arcade;29/01/2023;1;1988;https://images.igdb.com/igdb/image/upload/t_cover_big/co25sq.jpg
Teenage Mutant Ninja Turtles: The Hyperstone Heist (The Cowabunga Collection);Beat 'em Up;KONAMI;Sega MegaDrive;29/01/2023;1;1992;https://images.igdb.com/igdb/image/upload/t_cover_big/co3zbs.jpg
Teenage Mutant Ninja Turtles II: The Arcade Game;Beat 'em Up;KONAMI;Nintendo 8-bits;30/01/2023;1.5;1990;https://images.igdb.com/igdb/image/upload/t_cover_big/co9kln.jpg
Teenage Mutant Ninja Turtles: Fall of the Foot Clan;Plataforma;KONAMI;Gameboy;31/01/2023;0.6;1990;https://images.igdb.com/igdb/image/upload/t_cover_big/co2dox.jpg
Teenage Mutant Ninja Turtles II: Back from the Sewers;Plataforma;KONAMI;Gameboy;31/01/2023;0.8;1991;https://images.igdb.com/igdb/image/upload/t_cover_big/co5gu7.jpg
High on Life;Tiro em Primeira Pessoa;Squanch Games;PC;05/02/2023;11.52;2022;https://images.igdb.com/igdb/image/upload/t_cover_big/co67qo.jpg
Ori and the Blind Forest;Metroidvania;Microsoft Studios;PC;11/02/2023;6.03;2015;https://images.igdb.com/igdb/image/upload/t_cover_big/co1y41.jpg
Atomic Heart;Tiro em Primeira Pessoa;Mundfish;PC;04/03/2023;21;2023;https://images.igdb.com/igdb/image/upload/t_cover_big/co68ag.jpg
Kirby and the Forgotten Land;Plataforma;Nintendo HAL;Nintendo Switch;18/03/2023;10;2022;https://images.igdb.com/igdb/image/upload/t_cover_big/co3vlw.jpg
Game Dev Story;Gerenciamento;Kairosoft;PC;23/03/2023;9.6;2010;https://images.igdb.com/igdb/image/upload/t_cover_big/co4mcq.jpg
Super Smash Bros. Ultimate;Luta;Nintendo HAL;Nintendo Switch;25/03/2023;26.5;2018;https://images.igdb.com/igdb/image/upload/t_cover_big/co2255.jpg
Call of Duty: Infinite Warfare;Tiro em Primeira Pessoa;Activision;PC;28/03/2023;11.2;2016;https://images.igdb.com/igdb/image/upload/t_cover_big/co1wkp.jpg
Bright Memory;Tiro em Primeira Pessoa;FYQD Studio;PC;28/03/2023;0.6;2020;https://images.igdb.com/igdb/image/upload/t_cover_big/co26z5.jpg
Mario Kart 8;Corrida;Nintendo;Nintendo Wii U;15/04/2023;5.3;2017;https://images.igdb.com/igdb/image/upload/t_cover_big/co213q.jpg
Bayonetta;Hack and Slash;SEGA;Nintendo Wii U;20/04/2023;13.66;2009;https://images.igdb.com/igdb/image/upload/t_cover_big/co8ngp.jpg
Bayonetta 2;Hack and Slash;SEGA;Nintendo Wii U;21/04/2023;7.65;2014;https://images.igdb.com/igdb/image/upload/t_cover_big/cob9e9.jpg
Marvel's Avengers;Aventura;Crystal Dynamics;PC;03/05/2023;14.32;2020;https://images.igdb.com/igdb/image/upload/t_cover_big/co2fkb.jpg
Mega Man - The Power Battle;Luta;Capcom;Arcade;08/05/2023;0.5;1995;https://images.igdb.com/igdb/image/upload/t_cover_big/co5wue.jpg
Mega Man 2 - The Power Fighters;Luta;Capcom;Arcade;08/05/2023;0.2;1996;https://images.igdb.com/igdb/image/upload/t_cover_big/co6k7w.jpg
Batman;Plataforma;Data East;Arcade;10/05/2023;0.5;1990;https://images.igdb.com/igdb/image/upload/t_cover_big/co2fx3.jpg
The Punisher;Beat 'em Up;Capcom;Arcade;10/05/2023;1;1993;https://images.igdb.com/igdb/image/upload/t_cover_big/cobubo.jpg
Battle Toads (1992);Beat 'em Up;RARE;Arcade;20/05/2023;1;1992;
Resident Evil 4 Remake;Survival Horror;Capcom;PC;27/05/2023;16.5;2023;
Cadillac and Dinossaurs;Beat 'em Up;Capcom;Arcade;30/05/2023;1.25;1993;
Samurai Shodown (2019);Luta;SNK;PC;18/06/2023;0.25;2019;https://images.igdb.com/igdb/image/upload/t_cover_big/co1m9a.jpg
Forza Horizon 4;Corrida;Playground Games;PC;23/06/2023;48.2;2018;https://images.igdb.com/igdb/image/upload/t_cover_big/co2e1a.jpg
Garou - Mark of the Wolves;Luta;SNK;Arcade;25/06/2023;0.75;1999;https://images.igdb.com/igdb/image/upload/t_cover_big/co2eya.jpg
Akai Katana;Shmup;Cave;Arcade;25/06/2023;0.8;2010;https://images.igdb.com/igdb/image/upload/t_cover_big/co2kqx.jpg
Sunset Riders;Plataforma;KONAMI;Arcade;25/06/2023;0.75;1991;https://images.igdb.com/igdb/image/upload/t_cover_big/co2p0v.jpg
Wild West C.O.W. Boys of Moo Mesa;Plataforma;KONAMI;Arcade;26/06/2023;1;1992;https://images.igdb.com/igdb/image/upload/t_cover_big/cobv0a.jpg
Vasara;Shmup;Visco Corporation;Arcade;26/06/2023;0.8;2000;https://images.igdb.com/igdb/image/upload/t_cover_big/co4hxz.jpg
Vasara 2;Shmup;Visco Corporation;Arcade;26/06/2023;0.9;2001;https://images.igdb.com/igdb/image/upload/t_cover_big/co4hy0.jpg
V Rising;RPG;Stunlock Studios;PC;14/07/2023;27.6;2022;https://images.igdb.com/igdb/image/upload/t_cover_big/coby9v.jpg
Final Fantasy XII: The Zodiac Age;RPG;Square Enix;PC;29/07/2023;42;2017;https://images.igdb.com/igdb/image/upload/t_cover_big/co2g6o.jpg
Crash Bandicoot 4: It's About Time;Plataforma;Activision;PC;02/08/2023;8.83;2020;https://images.igdb.com/igdb/image/upload/t_cover_big/co2hp4.jpg
UFC Sudden Impact;Luta;Global Star;PlayStation 2;13/08/2023;2;2004;https://images.igdb.com/igdb/image/upload/t_cover_big/co5yeg.jpg
Tekken: Tag Tournament;Luta;Namco Bandai;PlayStation 2;13/08/2023;0.22;2000;https://images.igdb.com/igdb/image/upload/t_cover_big/co84rb.jpg
Dead or Alive 2;Luta;Tecmo;PlayStation 2;14/08/2023;0.25;2000;https://images.igdb.com/igdb/image/upload/t_cover_big/co6t3o.jpg
The King of Fighters 2006;Luta;SNK;PlayStation 2;14/08/2023;0.67;2006;https://images.igdb.com/igdb/image/upload/t_cover_big/co5ryp.jpg
UFC Undisputed 3;Luta;THQ Nordic;Xbox 360;23/08/2023;12;2012;https://images.igdb.com/igdb/image/upload/t_cover_big/co3g9s.jpg
Street Fighter Alpha 2 Gold;Luta;Capcom;PlayStation;30/08/2023;0.76;1996;https://images.igdb.com/igdb/image/upload/t_cover_big/co5wl5.jpg
Street Fighter Alpha - Warriors' Dream;Luta;Capcom;PlayStation;31/08/2023;0.78;1995;https://images.igdb.com/igdb/image/upload/t_cover_big/co6c2z.jpg
Castlevania;Plataforma;KONAMI;Nintendo 8-bits;02/09/2023;2.7;1987;https://images.igdb.com/igdb/image/upload/t_cover_big/coc1uh.jpg
Castlevania II: Simon's Quest;Plataforma;KONAMI;Nintendo 8-bits;05/09/2023;6;1988;https://images.igdb.com/igdb/image/upload/t_cover_big/co71xf.jpg
Castlevania III: Dracula's Curse;Plataforma;KONAMI;Nintendo 8-bits;06/09/2023;2;1990;https://images.igdb.com/igdb/image/upload/t_cover_big/coba2s.jpg
Super Castlevania IV;Plataforma;KONAMI;Super Nintendo;06/09/2023;6;1991;https://images.igdb.com/igdb/image/upload/t_cover_big/co20dc.jpg
Castlevania: The Adventure;Plataforma;KONAMI;Gameboy;06/09/2023;1;1989;https://images.igdb.com/igdb/image/upload/t_cover_big/cob9dk.jpg
Castlevania II: Belmont's Revenge;Plataforma;KONAMI;Gameboy;07/09/2023;2;1991;https://images.igdb.com/igdb/image/upload/t_cover_big/cob9a8.jpg
Castlevania: Bloodlines;Plataforma;KONAMI;Sega MegaDrive;14/09/2023;3;1994;https://images.igdb.com/igdb/image/upload/t_cover_big/cobcm9.jpg
Kid Dracula;Plataforma;KONAMI;Nintendo 8-bits;15/09/2023;2;1990;https://images.igdb.com/igdb/image/upload/t_cover_big/cob9o2.jpg
Mass Effect;RPG de Ação;EA Games;PC;21/09/2023;17;2007;https://images.igdb.com/igdb/image/upload/t_cover_big/co1x7o.jpg
UFC Throwdown;Luta;Crave Entertainment;Nintendo GameCube;26/09/2023;0.25;2002;https://images.igdb.com/igdb/image/upload/t_cover_big/co3g8u.jpg
Mass Effect 2;RPG de Ação;EA Games;PC;30/09/2023;28.51;2010;https://images.igdb.com/igdb/image/upload/t_cover_big/co20ac.jpg
Mass Effect 3;RPG de Ação;EA Games;PC;07/10/2023;30.12;2012;https://images.igdb.com/igdb/image/upload/t_cover_big/co1x7q.jpg
Disney's DuckTales (Disney's Afternoon Collection);Plataforma;Capcom;Nintendo 8-bits;08/10/2023;1;1989;https://images.igdb.com/igdb/image/upload/t_cover_big/co3wks.jpg
Disney's Chip 'n Dale: Rescue Rangers (Disney's Afternoon Collection);Plataforma;Capcom;Nintendo 8-bits;08/10/2023;1;1990;https://images.igdb.com/igdb/image/upload/t_cover_big/co2pqr.jpg
Disney's TaleSpin (Disney's Afternoon Collection);Shmup;Capcom;Nintendo 8-bits;08/10/2023;1;1991;https://images.igdb.com/igdb/image/upload/t_cover_big/co4wcd.jpg
Disney's Darkwing Duck (Disney's Afternoon Collection);Plataforma;Capcom;Nintendo 8-bits;08/10/2023;1;1992;https://images.igdb.com/igdb/image/upload/t_cover_big/co3jla.jpg
Disney's DuckTales 2 (Disney's Afternoon Collection);Plataforma;Capcom;Nintendo 8-bits;09/10/2023;0.8;1993;https://images.igdb.com/igdb/image/upload/t_cover_big/co6sm3.jpg
Disney's Chip 'n Dale: Rescue Rangers 2 (Disney's Afternoon Collection);Plataforma;Capcom;Nintendo 8-bits;09/10/2023;0.83;1994;https://images.igdb.com/igdb/image/upload/t_cover_big/co3ri5.jpg
Fire Emblem Warriors;Hack and Slash;Team Ninja;Nintendo Switch;16/10/2023;8.9499999999999993;2017;https://images.igdb.com/igdb/image/upload/t_cover_big/co24h8.jpg
Super Mario Bros. Wonder;Plataforma;Nintendo;Nintendo Switch;27/10/2023;11.2;2023;https://images.igdb.com/igdb/image/upload/t_cover_big/co6nnl.jpg
Donkey Kong;Plataforma;Nintendo;Nintendo 8-bits;07/12/2023;8;1981;https://images.igdb.com/igdb/image/upload/t_cover_big/co9ck5.jpg
Super Meat Boy;Plataforma;Thunderful Group;PC;22/12/2023;10.3;2010;https://images.igdb.com/igdb/image/upload/t_cover_big/co276m.jpg
Need For Speed (2015);Corrida;EA Games;PC;24/12/2023;19.87;2015;https://images.igdb.com/igdb/image/upload/t_cover_big/coavl7.jpg
Need For Speed: Payback;Corrida;EA Games;PC;28/12/2023;15.92;2017;https://images.igdb.com/igdb/image/upload/t_cover_big/co209y.jpg
Alien Soldier (SEGA Classics);Plataforma;SEGA;Sega MegaDrive;01/01/2024;2.52;1995;https://images.igdb.com/igdb/image/upload/t_cover_big/co1xv8.jpg
Wonder Boy III: Monster Lair (SEGA Classics);Plataforma;SEGA;Sega MegaDrive;01/01/2024;1.9;1988;https://images.igdb.com/igdb/image/upload/t_cover_big/co52cx.jpg
Flicky (SEGA Classics);Plataforma;SEGA;Sega MegaDrive;01/01/2024;1.88;1991;https://images.igdb.com/igdb/image/upload/t_cover_big/co7c8r.jpg
Bio-hazard Battle (SEGA Classics);Shmup;SEGA;Sega MegaDrive;01/01/2024;1.25;1992;https://images.igdb.com/igdb/image/upload/t_cover_big/co3guo.jpg
Hellblade: Senua's Sacrifice;Ação;Ninja Theory;PC;05/01/2024;8.85;2017;https://images.igdb.com/igdb/image/upload/t_cover_big/co2l7l.jpg
Star Wars: The Force Unleashed;Hack and Slash;Lucasfilm Games;PC;06/01/2024;9.5500000000000007;2008;https://images.igdb.com/igdb/image/upload/t_cover_big/co25xx.jpg
Star Wars: The Force Unleashed 2;Hack and Slash;Lucasfilm Games;PC;10/01/2024;5.55;2010;https://images.igdb.com/igdb/image/upload/t_cover_big/co25xw.jpg
Spyro: Ripto's Rage (Reignited Trilogy);Plataforma;Activision;PC;13/01/2024;6;2018;https://images.igdb.com/igdb/image/upload/t_cover_big/cob92k.jpg
Spyro: Year of the Dragon (Reignited Trilogy);Plataforma;Activision;PC;15/01/2024;6;2018;https://images.igdb.com/igdb/image/upload/t_cover_big/cob92l.jpg
Resident Evil Revelations 2;Survival Horror;Capcom;PC;22/01/2024;8.1999999999999993;2015;https://images.igdb.com/igdb/image/upload/t_cover_big/co74co.jpg
Tekken 8;Luta;Namco Bandai;PC;27/01/2024;4;2024;https://images.igdb.com/igdb/image/upload/t_cover_big/co7lbb.jpg
Evoland;RPG;Shiro Games;PC;16/02/2024;3;2013;https://images.igdb.com/igdb/image/upload/t_cover_big/co2sb1.jpg
Monument Valley 2;Puzzle;Ustwo Games;Mobile;17/02/2024;2;2017;https://images.igdb.com/igdb/image/upload/t_cover_big/coaev4.jpg
Hyper Dyne Side Arms (Capcom Arcade Stadium 2);Shmup;Capcom;Arcade;22/02/2024;0.5;1986;https://images.igdb.com/igdb/image/upload/t_cover_big/co5ttz.jpg
Street Fighter III: New Generation (Street Fighter 30th Anniversary Collection);Luta;Capcom;Arcade;23/02/2024;0.55000000000000004;1997;https://images.igdb.com/igdb/image/upload/t_cover_big/co1w4q.jpg
Street Fighter III: 2nd Impact - Giant Attack (Street Fighter 30th Anniversary Collection);Luta;Capcom;Arcade;23/02/2024;0.65;1997;https://images.igdb.com/igdb/image/upload/t_cover_big/co55ev.jpg
Street Fighter III: 3rd Impact (Street Fighter 30th Anniversary Collection);Luta;Capcom;Arcade;23/02/2024;0.7;1999;
Street Fighter (Capcom Arcade Stadium 2);Luta;Capcom;Arcade;23/02/2024;1.5;1987;https://images.igdb.com/igdb/image/upload/t_cover_big/co6bkh.jpg
Vampire Savior: The Lord of Vampire (Capcom Arcade Stadium 2);Luta;Capcom;Arcade;25/02/2024;0.6;1997;https://images.igdb.com/igdb/image/upload/t_cover_big/coc9ds.jpg
Block Block (Capcom Arcade Stadium 2);Puzzle;Capcom;Arcade;26/02/2024;0.5;1991;https://images.igdb.com/igdb/image/upload/t_cover_big/co7lmi.jpg
Darkstalkers: The Night Warriors (Capcom Arcade Stadium 2);Luta;Capcom;Arcade;26/02/2024;0.5;1994;https://images.igdb.com/igdb/image/upload/t_cover_big/co2p8j.jpg
Night Warriors: Darkstalkers' Revenge (Capcom Arcade Stadium 2);Luta;Capcom;Arcade;26/02/2024;0.5;1994;https://images.igdb.com/igdb/image/upload/t_cover_big/co8fhf.jpg
Magic Sword (Capcom Arcade Stadium 2);Plataforma;Capcom;Arcade;26/02/2024;1.1000000000000001;1990;https://images.igdb.com/igdb/image/upload/t_cover_big/co2toj.jpg
Eco Fighters (Capcom Arcade Stadium 2);Shmup;Capcom;Arcade;27/02/2024;1;1994;https://images.igdb.com/igdb/image/upload/t_cover_big/co4pzy.jpg
1943: Kai (Capcom Arcade Stadium 2);Shmup;Capcom;Arcade;01/03/2024;2;1987;https://images.igdb.com/igdb/image/upload/t_cover_big/co6xc4.jpg
Last Duel (Capcom Arcade Stadium 2);Shmup;Capcom;Arcade;06/03/2024;1.5;1988;https://images.igdb.com/igdb/image/upload/t_cover_big/co2s51.jpg
Rally 2011 Led Storm (Capcom Arcade Stadium 2);Corrida;Capcom;Arcade;06/03/2024;0.5;1988;https://images.igdb.com/igdb/image/upload/t_cover_big/co8vbw.jpg
Don’t Pull (Capcom Arcade Stadium 2);Puzzle;Capcom;Arcade;06/03/2024;0.5;1991;https://images.igdb.com/igdb/image/upload/t_cover_big/cobavy.jpg
Chariot (Capcom Arcade Stadium 2);Shmup;Capcom;Arcade;06/03/2024;0.8;1991;https://images.igdb.com/igdb/image/upload/t_cover_big/coc7kn.jpg
Dead or Alive 4;Luta;Team Ninja;Xbox 360;09/03/2024;0.5;2005;https://images.igdb.com/igdb/image/upload/t_cover_big/co2szo.jpg
The King of Dragons (Capcom Arcade Stadium 2);Beat 'em Up;Capcom;Arcade;13/03/2024;1.33;1991;https://images.igdb.com/igdb/image/upload/t_cover_big/co1y8f.jpg
Sonson (Capcom Arcade Stadium 2);Plataforma;Capcom;Arcade;13/03/2024;0.4;1984;https://images.igdb.com/igdb/image/upload/t_cover_big/co3pou.jpg
Black Tiger (Capcom Arcade Stadium 2);Plataforma;Capcom;Arcade;14/03/2024;2;1987;https://images.igdb.com/igdb/image/upload/t_cover_big/co22yb.jpg
Knights of the Rounds (Capcom Arcade Stadium 2);Beat 'em Up;Capcom;Arcade;15/03/2024;0.75;1991;https://images.igdb.com/igdb/image/upload/t_cover_big/co7k33.jpg
Savage Bees (Capcom Arcade Stadium 2);Shmup;Capcom;Arcade;15/03/2024;1.25;1985;https://images.igdb.com/igdb/image/upload/t_cover_big/co9wl2.jpg
Midnight Wanderers (Capcom Arcade Stadium 2);Plataforma;Capcom;Arcade;15/03/2024;1;1991;https://images.igdb.com/igdb/image/upload/t_cover_big/coawaj.jpg
Shinobi III: Return of the Ninja Master (SEGA Classics);Plataforma;SEGA;Sega MegaDrive;16/03/2024;2;1993;https://images.igdb.com/igdb/image/upload/t_cover_big/co9788.jpg
Dead or Alive 5 Ultimate;Luta;Team Ninja;Xbox 360;18/03/2024;3;2013;https://images.igdb.com/igdb/image/upload/t_cover_big/co4a1l.jpg
Doom (2016);Tiro em Primeira Pessoa;Bethesda;PC;31/03/2024;19;2016;https://images.igdb.com/igdb/image/upload/t_cover_big/co1nc7.jpg
Rise of the Tomb Raider;Aventura;Square Enix;PC;03/04/2024;11.3;2015;https://images.igdb.com/igdb/image/upload/t_cover_big/co1rqa.jpg
Sniper Elite V2 Remastered;Tiro em Terceira Pessoa;Rebellion;PC;06/04/2024;6;2019;https://images.igdb.com/igdb/image/upload/t_cover_big/co2urq.jpg
Bright Memory: Infinite;Tiro em Primeira Pessoa;FYQD Studio;PC;16/04/2024;2;2021;https://images.igdb.com/igdb/image/upload/t_cover_big/coapmq.jpg
Virtua Fighter 5;Luta;SEGA;Xbox 360;18/04/2024;0.15;2006;https://images.igdb.com/igdb/image/upload/t_cover_big/co9re0.jpg
Neogeo Battle Coliseum;Luta;SNK;Xbox 360;18/04/2024;0.2;2005;https://images.igdb.com/igdb/image/upload/t_cover_big/co1oxs.jpg
Doom 64;Tiro em Primeira Pessoa;Bethesda;PC;21/04/2024;9.5500000000000007;1997;https://images.igdb.com/igdb/image/upload/t_cover_big/co5qmz.jpg
Driver: You Are The Wheelman;Corrida;Reflections Game;PlayStation;30/04/2024;5.25;1999;https://images.igdb.com/igdb/image/upload/t_cover_big/coc53l.jpg
Vigilante 8;Combate Veicular;Activision;PlayStation;05/05/2024;6.02;1998;https://images.igdb.com/igdb/image/upload/t_cover_big/co3b83.jpg
Castlevania: Lords of Shadow;Hack and Slash;KONAMI;PC;09/05/2024;24.55;2013;https://images.igdb.com/igdb/image/upload/t_cover_big/co2slv.jpg
The Legend of Zelda: Tears of the Kingdom;Aventura;Nintendo;Nintendo Switch;01/06/2024;76.22;2023;https://images.igdb.com/igdb/image/upload/t_cover_big/co5vmg.jpg
ARMS;Luta;Nintendo;Nintendo Switch;04/06/2024;1;2017;https://images.igdb.com/igdb/image/upload/t_cover_big/co1mxn.jpg
Hyrule Warriors: Age of Calamity;Hack and Slash;Koei Tecmo;Nintendo Switch;08/06/2024;23;2020;https://images.igdb.com/igdb/image/upload/t_cover_big/cob22n.jpg
Contra: Operation Galuga;Run and Gun;KONAMI;Nintendo Switch;11/06/2024;1.8;2024;https://images.igdb.com/igdb/image/upload/t_cover_big/co72z7.jpg
Halo: Reach (The Master Chief Collection);Tiro em Primeira Pessoa;343 Industries;PC;17/06/2024;9.5;2014;https://images.igdb.com/igdb/image/upload/t_cover_big/co1xha.jpg
Fist of the North Star;Beat 'em Up;Toei Animation;Nintendo 8-bits;20/06/2024;1;1989;https://images.igdb.com/igdb/image/upload/t_cover_big/co6nw2.jpg
Fist of the North Star (2005);Luta;SEGA;PlayStation 2;22/06/2024;3;2005;https://images.igdb.com/igdb/image/upload/t_cover_big/co63a5.jpg
Halo CE Anniversary (The Master Chief Collection);Tiro em Primeira Pessoa;343 Industries;PC;24/06/2024;15;2014;https://images.igdb.com/igdb/image/upload/t_cover_big/co1xhb.jpg
Street Fighter EX Plus Alpha;Luta;Capcom;PlayStation;26/06/2024;1;1997;https://images.igdb.com/igdb/image/upload/t_cover_big/co1w56.jpg
Double Dragon;Beat 'em Up;Technos Japan;Nintendo 8-bits;14/07/2024;1.25;1987;https://images.igdb.com/igdb/image/upload/t_cover_big/co7ktn.jpg
Double Dragon II: The Revenge;Beat 'em Up;Technos Japan;Nintendo 8-bits;16/07/2024;2;1988;https://images.igdb.com/igdb/image/upload/t_cover_big/co7ku6.jpg
Double Dragon III: The Sacred Stones;Beat 'em Up;Technos Japan;Nintendo 8-bits;17/07/2024;1.57;1990;https://images.igdb.com/igdb/image/upload/t_cover_big/co3wuo.jpg
Double Dragon Advance;Beat 'em Up;Atlus;Gameboy Advance;18/07/2024;1.35;2003;https://images.igdb.com/igdb/image/upload/t_cover_big/co3zw1.jpg
Double Dragon V: The Shadow Falls;Luta;Leland Interactive Media;Super Nintendo;18/07/2024;0.33;1994;https://images.igdb.com/igdb/image/upload/t_cover_big/co2w1d.jpg
Wild Guns Reloaded;Shmup;Natsumi Atari Inc.;PC;20/07/2024;2;2018;https://images.igdb.com/igdb/image/upload/t_cover_big/co23qm.jpg
Alex Kidd in Miracle World DX;Plataforma;Merge Games;PC;21/07/2024;3.12;2021;https://images.igdb.com/igdb/image/upload/t_cover_big/co3c4f.jpg
Metal Slug 2: Super Vehicle-001 (Metal Slug Anthology);Run and Gun;SNK;Arcade;21/07/2024;1;1998;
Metal Slug: Super Vehicle-001 (Metal Slug Anthology);Run and Gun;SNK;Arcade;21/07/2024;1;1996;https://images.igdb.com/igdb/image/upload/t_cover_big/co6po7.jpg
Metal Slug 3 (Metal Slug Anthology);Run and Gun;SNK;Arcade;21/07/2024;1;2000;https://images.igdb.com/igdb/image/upload/t_cover_big/cobu6p.jpg
Metal Slug 4 (Metal Slug Anthology);Run and Gun;SNK;Arcade;21/07/2024;1;2002;https://images.igdb.com/igdb/image/upload/t_cover_big/co1ox7.jpg
Metal Slug 5 (Metal Slug Anthology);Run and Gun;SNK;Arcade;21/07/2024;1;2003;https://images.igdb.com/igdb/image/upload/t_cover_big/co25th.jpg
Metal Slug 6 (Metal Slug Anthology);Run and Gun;SNK;Arcade;21/07/2024;1;2006;https://images.igdb.com/igdb/image/upload/t_cover_big/co8roa.jpg
Metal Slug XX;Run and Gun;SNK;PlayStation Portable;21/07/2024;1;2010;https://images.igdb.com/igdb/image/upload/t_cover_big/co2h3s.jpg
Metal Slug Advance;Run and Gun;SNK;Gameboy Advance;22/07/2024;1;2004;https://images.igdb.com/igdb/image/upload/t_cover_big/co2w75.jpg
Mighty Morphin Power Rangers;Beat 'em Up;Namco Bandai;Super Nintendo;27/07/2024;1.3;1994;https://images.igdb.com/igdb/image/upload/t_cover_big/co63o4.jpg
Mighty Morphin Power Rangers - The Movie;Beat 'em Up;Namco Bandai;Super Nintendo;27/07/2024;1.67;1995;https://images.igdb.com/igdb/image/upload/t_cover_big/co63o3.jpg
Gunstar Heroes;Plataforma;Treasure;Sega MegaDrive;27/07/2024;2.25;1993;https://images.igdb.com/igdb/image/upload/t_cover_big/co3wad.jpg
Gran Turismo 3: A-Spec;Corrida;Polyphony Digital;PlayStation 2;28/07/2024;56;2001;https://images.igdb.com/igdb/image/upload/t_cover_big/co5xru.jpg
Gran Turismo Concept 2002 Tokyo-Geneva;Corrida;Polyphony Digital;PlayStation 2;02/08/2024;4.22;2002;https://images.igdb.com/igdb/image/upload/t_cover_big/co20bd.jpg
Gran Turismo 4 Prologue;Corrida;Polyphony Digital;PlayStation 2;04/08/2024;5.56;2003;https://images.igdb.com/igdb/image/upload/t_cover_big/co1ovo.jpg
Super Mario World 2: Yoshi's Island;Plataforma;Nintendo;Super Nintendo;06/08/2024;9;1995;https://images.igdb.com/igdb/image/upload/t_cover_big/co2kn9.jpg
Gran Turismo 4;Corrida;Polyphony Digital;PlayStation 2;24/08/2024;62.45;2004;https://images.igdb.com/igdb/image/upload/t_cover_big/cocq72.jpg
Hogwarts Legacy;RPG de Ação;Avalanche Studios;PC;28/08/2024;24;2023;https://images.igdb.com/igdb/image/upload/t_cover_big/coaav6.jpg
Prodeus;Tiro em Primeira Pessoa;Bounding Box Software;PC;01/09/2024;11;2020;https://images.igdb.com/igdb/image/upload/t_cover_big/co3b8o.jpg
Gotham Knights;Aventura;Warner Bros. Interactive;PC;04/09/2024;24;2022;https://images.igdb.com/igdb/image/upload/t_cover_big/co3s9z.jpg
Dirge of Cerberus: Final Fantasy VII;Aventura;Square Enix;PlayStation 2;10/09/2024;10;2006;https://images.igdb.com/igdb/image/upload/t_cover_big/co205e.jpg
Uncharted 4: A Thief's End;Aventura;Naughty Dog;PC;29/09/2024;12.2;2016;https://images.igdb.com/igdb/image/upload/t_cover_big/co1r7h.jpg
Uncharted: The Lost Legacy;Aventura;Naughty Dog;PC;29/09/2024;5.4;2017;https://images.igdb.com/igdb/image/upload/t_cover_big/co1tp9.jpg
God of War: Ragnarok;Hack and Slash;Santa Monica Studios;PC;20/10/2024;27;2022;https://images.igdb.com/igdb/image/upload/t_cover_big/coba3d.jpg
Dragon Ball: FighterZ;Luta;Arc System Works;PC;28/10/2024;10.45;2018;https://images.igdb.com/igdb/image/upload/t_cover_big/cobyti.jpg
Shotgun King: The Final Checkmate;Puzzle;Punkcake Delicieux;PC;14/11/2024;1.25;2022;https://images.igdb.com/igdb/image/upload/t_cover_big/co8w6y.jpg
Barbie: Super Model;Plataforma;Hi-Tech Expressions;Super Nintendo;21/11/2024;0.57999999999999996;1993;https://images.igdb.com/igdb/image/upload/t_cover_big/co25bl.jpg
Super Mario Land;Plataforma;Nintendo;Gameboy;21/11/2024;1;1989;https://images.igdb.com/igdb/image/upload/t_cover_big/co7o14.jpg
Tekken: Dark Ressurection;Luta;Namco Bandai;PlayStation Portable;24/11/2024;30;2006;
Senua's Saga: Hellblade II;Aventura;Ninja Theory;PC;30/11/2024;10.5;2024;https://images.igdb.com/igdb/image/upload/t_cover_big/co81i4.jpg
Balloon Fight;Plataforma;Nintendo;Nintendo 8-bits;02/12/2024;16;1984;https://images.igdb.com/igdb/image/upload/t_cover_big/co3b32.jpg
Super Mario Land 2 - 6 Golden Coins;Plataforma;Nintendo;Gameboy;05/12/2024;2.5;1992;https://images.igdb.com/igdb/image/upload/t_cover_big/co7gxg.jpg
World's Scariest Police Chases;Combate Veicular;Unique Studios;PlayStation;07/12/2024;6;2001;https://images.igdb.com/igdb/image/upload/t_cover_big/co3yw0.jpg
007 Racing;Combate Veicular;Electronic Arts;PlayStation;09/12/2024;5;2000;https://images.igdb.com/igdb/image/upload/t_cover_big/co3dup.jpg
Fatal Fury: Wild Ambition;Luta;SNK;PlayStation;09/12/2024;0.5;1999;https://images.igdb.com/igdb/image/upload/t_cover_big/co9vuu.jpg
Ghost in the Shell;Ação;Production I.G.;PlayStation;10/12/2024;3;1997;https://images.igdb.com/igdb/image/upload/t_cover_big/coby7t.jpg
Guilty Gear;Luta;Arc System Works;PlayStation;18/12/2024;0.33;1998;https://images.igdb.com/igdb/image/upload/t_cover_big/co1tez.jpg
Gex;Plataforma;Crystal Dinamics;PlayStation;19/12/2024;8;1995;https://images.igdb.com/igdb/image/upload/t_cover_big/co1p57.jpg
Pandemonium!;Plataforma;Crystal Dinamics;PlayStation;20/12/2024;7;1996;https://images.igdb.com/igdb/image/upload/t_cover_big/co55yx.jpg
Pandemonium 2;Plataforma;Crystal Dinamics;PlayStation;21/12/2024;3;1997;https://images.igdb.com/igdb/image/upload/t_cover_big/co1y7e.jpg
Bloody Roar;Luta;Hudson Soft;PlayStation;22/12/2024;0.5;1998;https://images.igdb.com/igdb/image/upload/t_cover_big/co9q6v.jpg
Bloody Roar 2;Luta;Hudson Soft;PlayStation;22/12/2024;0.5;1999;https://images.igdb.com/igdb/image/upload/t_cover_big/co489q.jpg
Medal of Honor;Tiro em Primeira Pessoa;Electronic Arts;PlayStation;26/12/2024;14;1999;https://images.igdb.com/igdb/image/upload/t_cover_big/co5x7t.jpg
Medal of Honor: Underground;Tiro em Primeira Pessoa;Electronic Arts;PlayStation;29/12/2024;10;2000;https://images.igdb.com/igdb/image/upload/t_cover_big/co8yzk.jpg
Titanfall 2;Tiro em Primeira Pessoa;Respawn Entertaiment;PC;31/12/2024;5.5;2017;https://images.igdb.com/igdb/image/upload/t_cover_big/fhbeilnghyhhmjqhinqa.jpg
Capcom vs. SNK Pro;Luta;Capcom;PlayStation;02/01/2025;1;1999;https://images.igdb.com/igdb/image/upload/t_cover_big/co9gwc.jpg
Pac-Man World;Plataforma;Namco Bandai;PlayStation;02/01/2025;5.5;1999;https://images.igdb.com/igdb/image/upload/t_cover_big/co85oy.jpg
The King of Fighters '95;Luta;SNK;PlayStation;04/01/2025;1;1995;https://images.igdb.com/igdb/image/upload/t_cover_big/co2qsa.jpg
Marvel Super Heroes;Luta;Capcom;PlayStation;04/01/2025;0.5;1997;https://images.igdb.com/igdb/image/upload/t_cover_big/co8fhd.jpg
Marvel Super Heroes vs Street Fighter;Luta;Capcom;PlayStation;04/01/2025;1;1999;https://images.igdb.com/igdb/image/upload/t_cover_big/co8iho.jpg
Marvel vs. Capcom: Clash of Super Heroes;Luta;Capcom;PlayStation;05/01/2025;1;2000;https://images.igdb.com/igdb/image/upload/t_cover_big/co8r3z.jpg
Ms. Pac-Man: Maze Madness;Plataforma;Namco Bandai;PlayStation;12/01/2025;7.16;2000;https://images.igdb.com/igdb/image/upload/t_cover_big/co2ivx.jpg
Metal: Hellsinger;Tiro em Primeira Pessoa;The Outsiders;PC;19/01/2025;3.5;2022;https://images.igdb.com/igdb/image/upload/t_cover_big/coan1t.jpg
Octopath Traveler;RPG;Square Enix;PC;26/01/2025;81.3;2018;https://images.igdb.com/igdb/image/upload/t_cover_big/cocj93.jpg
Space Runaway;Shmup;Soleil Ltd.;PC;05/02/2025;1;2022;https://images.igdb.com/igdb/image/upload/t_cover_big/co65d2.jpg
Wanted: Dead;Hack and Slash;Soleil Ltd.;PC;22/02/2025;12.75;2023;https://images.igdb.com/igdb/image/upload/t_cover_big/co5jfb.jpg
Grand Theft Auto III - The Definitive Edition;Ação;Rockstar Games;PC;27/02/2025;17;2021;https://images.igdb.com/igdb/image/upload/t_cover_big/co65yy.jpg
Final Fantasy VII Rebirth;RPG de Ação;Square Enix;PC;21/03/2025;57;2024;https://images.igdb.com/igdb/image/upload/t_cover_big/cob9k6.jpg
Dead or Alive 6;Luta;Koei Tecmo;PC;25/03/2025;3;2019;https://images.igdb.com/igdb/image/upload/t_cover_big/co1nzf.jpg
Crisis Core: Final Fantasy VII Reunion;RPG;Square Enix;PC;31/03/2025;13;2022;https://images.igdb.com/igdb/image/upload/t_cover_big/cobjb3.jpg
Super Smash Bros. for 3DS;Luta;Nintendo;Nintendo 3DS;04/04/2025;1;2017;https://images.igdb.com/igdb/image/upload/t_cover_big/co45qo.jpg
New Super Mario Bros.;Plataforma;Nintendo;Nintendo DS;09/04/2025;6;2006;https://images.igdb.com/igdb/image/upload/t_cover_big/co21rm.jpg
Kena: Bridge of Spirits;Aventura;Ember Lab;PC;09/04/2025;13;2022;https://images.igdb.com/igdb/image/upload/t_cover_big/co9hwy.jpg
Final Fantasy: 20th Anniversary Edition;RPG;Square Enix;PlayStation Portable;11/04/2025;32.57;2007;https://images.igdb.com/igdb/image/upload/t_cover_big/co1vra.jpg
Final Fantasy II: 20th Anniversary Edition;RPG;Square Enix;PlayStation Portable;16/04/2025;61.55;2007;https://images.igdb.com/igdb/image/upload/t_cover_big/co2xzw.jpg
DiRT 5;Corrida;Codemasters;PC;22/04/2025;12.9;2020;https://images.igdb.com/igdb/image/upload/t_cover_big/co2e5b.jpg
Zone of the Enders;Hack and Slash;KONAMI;PlayStation 2;03/05/2025;7.16;2001;https://images.igdb.com/igdb/image/upload/t_cover_big/co260o.jpg
Gun Survivor 3: Dino Crisis;Rail Shooter;Capcom;PlayStation 2;04/05/2025;1;2002;
Fashion Police Squad;Tiro em Primeira Pessoa;Mopeful Games;PC;04/05/2025;7;2021;https://images.igdb.com/igdb/image/upload/t_cover_big/co2kah.jpg
Virtua Fighter 4;Luta;SEGA;PlayStation 2;04/05/2025;0.2;2001;https://images.igdb.com/igdb/image/upload/t_cover_big/co849r.jpg
Death Stranding: Director's Cut;Ação;Kojima Productions;PC;07/05/2025;42.08;2021;https://images.igdb.com/igdb/image/upload/t_cover_big/cobksg.jpg
Mafia III: Definitive Edition;Ação;Hangar 13;PC;17/05/2025;21.32;2020;https://images.igdb.com/igdb/image/upload/t_cover_big/co26zj.jpg
Street Fighter EX3;Luta;Capcom;PlayStation 2;26/05/2025;0.33;2000;https://images.igdb.com/igdb/image/upload/t_cover_big/co1p1u.jpg
The Last of Us Part II Remastered;Survival Horror;Naughty Dog;PC;27/05/2025;23.31;2020;https://images.igdb.com/igdb/image/upload/t_cover_big/coa1gr.jpg
Call of Duty: Vanguard;Tiro em Primeira Pessoa;Activision;PC;30/05/2025;6;2021;https://images.igdb.com/igdb/image/upload/t_cover_big/co3kq8.jpg
Call of Duty: Modern Warfare (2019);Tiro em Primeira Pessoa;Activision;PC;01/06/2025;7.33;2019;https://images.igdb.com/igdb/image/upload/t_cover_big/co1rsg.jpg
Mario Kart 8 Deluxe;Corrida;Nintendo;Nintendo Switch;17/06/2025;7;2017;https://images.igdb.com/igdb/image/upload/t_cover_big/co213p.jpg
Mario vs. Donkey Kong (2024);Plataforma;Nintendo;Nintendo Switch;23/06/2025;5;2024;https://images.igdb.com/igdb/image/upload/t_cover_big/co8eak.jpg
Donkey Kong Country Returns HD;Plataforma;Nintendo;Nintendo Switch;25/06/2025;8;2025;https://images.igdb.com/igdb/image/upload/t_cover_big/cob9sh.jpg
Mighty Morphin Power Rangers Rita's Rewind;Beat 'em Up;Digital Eclipse;Nintendo Switch;26/06/2025;4;2024;https://images.igdb.com/igdb/image/upload/t_cover_big/co8zrz.jpg
Horizon Chase Turbo;Corrida;Aquiris;Nintendo Switch;30/06/2025;11;2018;https://images.igdb.com/igdb/image/upload/t_cover_big/co27ow.jpg
Horizon Chase 2;Corrida;Aquiris;Nintendo Switch;03/07/2025;5;2022;https://images.igdb.com/igdb/image/upload/t_cover_big/co55i9.jpg
Sonic Superstars;Plataforma;SEGA;Nintendo Switch;09/07/2025;10;2023;https://images.igdb.com/igdb/image/upload/t_cover_big/cobbw4.jpg
Princess Peach Showtime!;Plataforma;Nintendo;Nintendo Switch;17/07/2025;12;2024;https://images.igdb.com/igdb/image/upload/t_cover_big/cobaup.jpg
Kirby's Return to Dream Land Deluxe;Plataforma;Nintendo;Nintendo Switch;25/07/2025;11;2023;https://images.igdb.com/igdb/image/upload/t_cover_big/co8dp2.jpg
Anime Studio Story;Gerenciamento;Kairosoft;Nintendo Switch;01/08/2025;10;2020;https://images.igdb.com/igdb/image/upload/t_cover_big/co57x1.jpg
Ninja Gaiden: Ragebound;Plataforma;Dotemu;Nintendo Switch;04/08/2025;10;2025;https://images.igdb.com/igdb/image/upload/t_cover_big/co9qrg.jpg
Metroid: Zero Mission;Metroidvania;Nintendo;Gameboy Advance;11/08/2025;13.5;2004;https://images.igdb.com/igdb/image/upload/t_cover_big/co1vci.jpg
Kirby: Nightmare in Dream Land;Plataforma;Nintendo;Gameboy Advance;14/08/2025;3.26;2002;https://images.igdb.com/igdb/image/upload/t_cover_big/co1wcd.jpg
The Legend of Zelda: The Minish Cap;RPG de Ação;Capcom;Gameboy Advance;23/08/2025;28.5;2004;https://images.igdb.com/igdb/image/upload/t_cover_big/co3nsk.jpg
Borderlands: The Pre-Sequel;Tiro em Primeira Pessoa;2K Games;PC;29/08/2025;16.5;2014;https://images.igdb.com/igdb/image/upload/t_cover_big/co20tq.jpg
Theatrhythm Final Bar Line;Musical;Square Enix;Nintendo Switch;12/09/2025;7.33;2023;https://images.igdb.com/igdb/image/upload/t_cover_big/co7dnm.jpg
Sonic Racing: CrossWorlds;Corrida;SEGA;Nintendo Switch;01/10/2025;3;2025;https://images.igdb.com/igdb/image/upload/t_cover_big/co9e16.jpg
James Bond 007: From Russia with Love;Tiro em Terceira Pessoa;EA;PlayStation 2;02/10/2025;7.58;2005;https://images.igdb.com/igdb/image/upload/t_cover_big/co3dlt.jpg
James Bond 007: Agent Under Fire;Tiro em Primeira Pessoa;EA;PlayStation 2;06/10/2025;9;2001;https://images.igdb.com/igdb/image/upload/t_cover_big/co26dr.jpg
James Bond 007: Nightfire;Tiro em Primeira Pessoa;EA;PlayStation 2;09/10/2025;8.25;2002;https://images.igdb.com/igdb/image/upload/t_cover_big/co26dt.jpg
James Bond 007: Everything or Nothing;Tiro em Terceira Pessoa;EA;PlayStation 2;13/10/2025;6;2004;https://images.igdb.com/igdb/image/upload/t_cover_big/co21s1.jpg
Star Fox Zero;Shmup;Nintendo;Nintendo Wii U;20/10/2025;5.28;2016;https://images.igdb.com/igdb/image/upload/t_cover_big/coba3i.jpg
Star Fox: Assault;Shmup;Nintendo;Nintendo GameCube;24/10/2025;9.7799999999999994;2005;https://images.igdb.com/igdb/image/upload/t_cover_big/co1pem.jpg
Mortal Kombat;Luta;Midway Interactive;Sega MegaDrive;01/11/2025;0.67;1993;https://images.igdb.com/igdb/image/upload/t_cover_big/co69zh.jpg
Mortal Kombat II;Luta;Midway Interactive;Sega 32X;01/11/2025;0.5;1994;https://images.igdb.com/igdb/image/upload/t_cover_big/co6bxu.jpg
Mortal Kombat III;Luta;Midway Interactive;Sega MegaDrive;01/11/2025;0.5;1995;https://images.igdb.com/igdb/image/upload/t_cover_big/co6a00.jpg
Ultimate Mortal Kombat III;Luta;Midway Interactive;Super Nintendo;01/11/2025;1;1995;https://images.igdb.com/igdb/image/upload/t_cover_big/co65ka.jpg
Clair Obscur: Expedition 33;RPG;Sandfall Interactive;PC;09/11/2025;36.33;2025;https://images.igdb.com/igdb/image/upload/t_cover_big/co9gam.jpg
Starlink: Battle for Atlas;Aventura;Ubisoft;Nintendo Switch;10/11/2025;20;2018;https://images.igdb.com/igdb/image/upload/t_cover_big/co8yv7.jpg
Dispatch;Point and Click;ADHoc Studios;PC;14/11/2025;8;2025;https://images.igdb.com/igdb/image/upload/t_cover_big/cob5ql.jpg
Super Mario Maker 2;Plataforma;Nintendo;Nintendo Switch;23/11/2025;6.87;2019;https://images.igdb.com/igdb/image/upload/t_cover_big/co21vy.jpg
Mortal Kombat 1 (2023);Luta;Netherrealm Studios;PC;27/11/2025;15;2023;https://images.igdb.com/igdb/image/upload/t_cover_big/co9b8f.jpg
Hot Wheels Unleashed;Corrida;Milestone;Nintendo Switch;27/11/2025;10.5;2021;https://images.igdb.com/igdb/image/upload/t_cover_big/co2u4x.jpg
Hot Wheels Unleashed 2: Turbocharged;Corrida;Milestone;Nintendo Switch;11/12/2025;14.75;2023;https://images.igdb.com/igdb/image/upload/t_cover_big/co6kko.jpg
Terminator 2D: No Fate;Run and Gun;Reef Entertainment;Nintendo Switch;12/12/2025;0.75;2025;https://images.igdb.com/igdb/image/upload/t_cover_big/co9s6r.jpg
Marvel Cosmic Invasion;Beat 'em Up;Dotemu;Nintendo Switch;13/12/2025;5.9;2025;https://images.igdb.com/igdb/image/upload/t_cover_big/coakkw.jpg
Shinobi: Art of Vengeance;Plataforma;SEGA;Nintendo Switch;18/12/2025;12;2025;https://images.igdb.com/igdb/image/upload/t_cover_big/co9e1j.jpg
Granblue Fantasy: Relink;RPG de Ação;CyGames;PC;27/12/2025;23.3;2024;https://images.igdb.com/igdb/image/upload/t_cover_big/co7ptq.jpg
Beyond Two Souls;Jogo Interativo;Quantic Dream;PC;27/12/2025;15.5;2013;https://images.igdb.com/igdb/image/upload/t_cover_big/co8r4w.jpg
Street Fighter V;Luta;Capcom;PC;28/12/2025;5.0999999999999996;2016;https://images.igdb.com/igdb/image/upload/t_cover_big/co1pka.jpg
Final Fantasy XV: Windows Edition;RPG de Ação;Square Enix;PC;01/01/2026;28.28;2016;https://images.igdb.com/igdb/image/upload/t_cover_big/co205r.jpg
Forza Horizon;Corrida;Playground Studios;Xbox 360;24/01/2026;15.3;2012;https://images.igdb.com/igdb/image/upload/t_cover_big/co7ste.jpg
Final Fantasy XVI;RPG de Ação;Square Enix;PC;25/01/2026;58.6;2023;https://images.igdb.com/igdb/image/upload/t_cover_big/cobd9i.jpg
Resident Evil: Director's Cut;Survival Horror;Capcom;PlayStation;01/02/2026;11.26;1997;https://images.igdb.com/igdb/image/upload/t_cover_big/co2w3m.jpg
Forza Horizon 2;Corrida;Sumo Digital;Xbox 360;05/02/2026;8.67;2014;https://images.igdb.com/igdb/image/upload/t_cover_big/co2f5s.jpg
Resident Evil Survivor;Rail Shooter;Capcom;PlayStation;06/02/2026;3;2000;https://images.igdb.com/igdb/image/upload/t_cover_big/co3tp5.jpg
Gunstar Super Heroes;Run and Gun;SEGA;Gameboy Advance;15/02/2026;1.75;2005;https://images.igdb.com/igdb/image/upload/t_cover_big/co2xj5.jpg
Aero Fighters;Shmup;Khaos;Super Nintendo;18/02/2026;0.75;1993;https://images.igdb.com/igdb/image/upload/t_cover_big/coa9je.jpg
The Mask;Plataforma;Black Pearl Software;Super Nintendo;19/02/2026;2.75;1995;https://images.igdb.com/igdb/image/upload/t_cover_big/co4ane.jpg
Ice Climber;Plataforma;Nintendo;Nintendo 8-bits;21/02/2026;2.0299999999999998;1985;https://images.igdb.com/igdb/image/upload/t_cover_big/co42t4.jpg
Galaga (Arcade Classic No. 3);Shmup;Namco;Gameboy;24/02/2026;0.75;1995;https://images.igdb.com/igdb/image/upload/t_cover_big/co6njs.jpg
Galaxian (Arcade Classic No. 3);Shmup;Namco;Gameboy;24/02/2026;0.75;1995;https://images.igdb.com/igdb/image/upload/t_cover_big/co27k5.jpg
Bomberman GB;Ação;Hudson Soft;Gameboy;02/03/2026;6.33;1995;https://images.igdb.com/igdb/image/upload/t_cover_big/co5u5u.jpg
Resident Evil: Requiem;Survival Horror;Capcom;PC;05/03/2026;10.75;2026;https://images.igdb.com/igdb/image/upload/t_cover_big/cobmj0.jpg
Star Wars Jedi Fallen Order;Aventura;EA;PC;17/03/2026;29;2018;https://images.igdb.com/igdb/image/upload/t_cover_big/co1rbi.jpg
Doom: The Dark Ages;FPS;Bethesda;PC;20/03/2026;23;2025;https://images.igdb.com/igdb/image/upload/t_cover_big/co9b3o.jpg
It Takes Two;Aventura;EA Originals;PC;03/05/2026;12;2021;https://images.igdb.com/igdb/image/upload/t_cover_big/cob22v.jpg
EA Sports UFC 4;Luta;EA;PlayStation 4;08/05/2026;25.2;2020;https://images.igdb.com/igdb/image/upload/t_cover_big/co2es1.jpg
Marvel's Spider Man 2;Aventura;Insomniac Games;PC;16/05/2026;28;2023;https://images.igdb.com/igdb/image/upload/t_cover_big/cobg1k.jpg
Forza Horizon 6;Corrida;Playground Studios;PC;22/05/2026;36;2026;https://images.igdb.com/igdb/image/upload/t_cover_big/cobc5n.jpg
Pragmata;Aventura;Capcom;PC;31/05/2026;10.7;2026;https://images.igdb.com/igdb/image/upload/t_cover_big/cobxnx.jpg
007 First Light;Ação;IO Interactive;PC;13/06/2026;20;2026;https://images.igdb.com/igdb/image/upload/t_cover_big/coaoiz.jpg
Life is Strange: Before The Storm Remastered;Point and Click;Square Enix;PC;18/06/2026;15.1;2022;https://images.igdb.com/igdb/image/upload/t_cover_big/co2vfx.jpg
Gran Turismo HD Concept;Corrida;Polyphony Digital;PlayStation 3;21/06/2026;2;2006;https://images.igdb.com/igdb/image/upload/t_cover_big/co20bg.jpg
Virtua Fighter 5: Final Showdown;Luta;SEGA;PlayStation 3;25/06/2026;0.15;2012;https://images.igdb.com/igdb/image/upload/t_cover_big/co3vp2.jpg
StarFox 64 3D;Shmup;Nintendo;Nintendo 3DS;26/06/2026;2.2999999999999998;2011;https://images.igdb.com/igdb/image/upload/t_cover_big/coba3e.jpg
LEGO Batman: Legacy of the Dark Knight;Aventura;TT Games;PC;30/06/2026;11.55;2026;https://images.igdb.com/igdb/image/upload/t_cover_big/coab09.jpg
EA Sports FC 26;Esportes/Futebol;EA Sports;PC;30/06/2026;50.2;2025;https://images.igdb.com/igdb/image/upload/t_cover_big/coa5wx.jpg
Call of Duty: Modern Warfare II;FPS;Activision;PC;04/07/2026;15.2;2022;https://images.igdb.com/igdb/image/upload/t_cover_big/co4sbw.jpg
Hollow Knight;Metroidvania;Team Cherry;PC;17/07/2026;29;2017;https://images.igdb.com/igdb/image/upload/t_cover_big/cobfzp.jpg
Goldeneye 007 Reloaded;FPS;Eurocom/ Activision;PlayStation 3;18/07/2026;7;2011;https://images.igdb.com/igdb/image/upload/t_cover_big/co2lar.jpg
Soulcalibur IV;Luta;Namco Bandai;PlayStation 3;20/07/2026;2.4700000000000002;2008;https://images.igdb.com/igdb/image/upload/t_cover_big/co9ay2.jpg
Cyberpunk 2077;RPG de Tiro;CD Projekt RED;PC;26/07/2026;29;2020;https://images.igdb.com/igdb/image/upload/t_cover_big/coaih8.jpg
Double Dragon Gaiden: Rise of the Dragons;Beat 'em Up;Secret Base;PC;02/08/2026;3.8;2023;https://images.igdb.com/igdb/image/upload/t_cover_big/co6g6l.jpg
Stranger of Paradise: Final Fantasy Origin;RPG de Ação;Team NINJA;PC;27/08/2026;27.1;2022;https://images.igdb.com/igdb/image/upload/t_cover_big/cobp48.jpg
