#;Jogo;Gênero;Desenvolvedora;Console;Data Término;Tempo;Ano de Lançamento;Modo Zeramento (RA);Observações
1;Super Mario Bros. (All Stars);Plataforma;Nintendo;Super Nintendo;30/10/2025;5.62;1985;Hardcore;
2;Super Mario Bros. 2 (All Stars);Plataforma;Nintendo;Super Nintendo;01/01/2001;4;1993;-;
3;Super Mario Bros. 3 (All Stars);Plataforma;Nintendo;Super Nintendo;03/11/2025;6;1993;Hardcore;
4;Super Mario World;Plataforma;Nintendo;Super Nintendo;24/11/2024;5;1990;Hardcore;
5;Donkey Kong Country;Plataforma;RARE;Super Nintendo;10/08/2024;3.02;1994;Hardcore;
6;Donkey Kong Country 2;Plataforma;RARE;Super Nintendo;24/11/2024;5;1995;Hardcore;
7;Donkey Kong Country 3: Dixie Double Trouble;Plataforma;RARE;Super Nintendo;01/12/2024;7.66;1996;Hardcore;
8;Wild Guns;Ação;Natsume;Super Nintendo;03/05/2001;2;1994;-;
9;Disney's Aladdin;Plataforma;Disney Interactive/Capcom;Super Nintendo;04/02/2001;3;1993;-;
10;Disney's Magical Quest 3 starring Mickey & Donald;Plataforma;Capcom;Super Nintendo;06/02/2001;3;1995;-;
11;F-Zero;Corrida;Nintendo;Super Nintendo;19/02/2001;3;1990;-;
12;International Superstar Soccer Deluxe;Futebol;KONAMI;Super Nintendo;27/02/2001;9.5;1995;-;
13;Street Fighter II;Luta;Capcom;Super Nintendo;10/04/2001;2;1992;-;
14;Killer Instinct;Luta;RARE;Super Nintendo;01/03/2001;1;1994;-;
15;Super Bomberman;Ação;Hudson Soft;Super Nintendo;13/04/2001;3;1993;-;
16;Super Bomberman 2;Ação;Hudson Soft;Super Nintendo;14/04/2001;3;1994;-;
17;Sonic Advance;Plataforma;SEGA;Gameboy Advance;30/03/2001;3;2001;-;
18;Sonic Advance 2;Plataforma;SEGA;Gameboy Advance;31/03/2001;3.5;2002;-;
19;Sonic Advance 3;Plataforma;SEGA;Gameboy Advance;01/04/2001;4.5;2004;-;
20;Mega Man Zero;Ação;Capcom;Gameboy Advance;07/03/2001;4;2002;-;
21;Mega Man Zero 2;Ação;Capcom;Gameboy Advance;08/03/2001;3.5;2003;-;
22;Mega Man Zero 3;Ação;Capcom;Gameboy Advance;09/03/2001;3;2004;-;
23;Mega Man Zero 4;Ação;Capcom;Gameboy Advance;10/03/2001;3;2005;-;
24;Crash Bandicoot: The Huge Adventure;Plataforma;Activision;Gameboy Advance;28/01/2001;3;2002;-;
25;Crash Bandicoot 2: N-Tranced;Plataforma;Activision;Gameboy Advance;27/01/2001;4;2003;-;
26;Dragon Ball Z: Supersonic Warriors;Luta;Bandai Games;Gameboy Advance;10/02/2001;3;2004;-;
27;Tekken Advance;Luta;Namco Bandai;Gameboy Advance;12/11/2024;0.18;2001;Hardcore;
28;Micro Machines;Corrida;Codemasters;Sega MegaDrive;13/03/2001;3;1991;-;
29;Super Smash Bros.;Luta;Nintendo HAL;Nintendo 64;14/10/2025;4;1999;Hardcore;
30;Tom and Jerry: Fists of Fury;Luta;NewKidCo/ VIS Entertainment;Nintendo 64;26/04/2001;5;2000;-;
31;Space Invaders;Shmup;Taito Corp.;Nintendo 64;05/04/2001;1;1999;-;
32;Fighting Force 64;Beat 'em Up;Core Design;Nintendo 64;16/02/2001;5;1997;-;
33;Bomberman Hero;Aventura;Hudson Soft;Nintendo 64;14/01/2001;7;1998;-;
34;Fighters Destiny;Luta;Genki;Nintendo 64;14/02/2001;2;1998;-;
35;Fighters Destiny 2;Luta;Genki;Nintendo 64;15/02/2001;6;1999;-;
36;Star Fox 64;Shmup;Nintendo HAL;Nintendo 64;08/04/2001;3;1997;-;
37;Super Smash Bros. Melee;Luta;Nintendo HAL;Nintendo GameCube;18/04/2001;10;2001;-;
38;New Super Mario Bros. Wii;Plataforma;Nintendo HAL;Nintendo Wii;20/03/2001;9;2009;-;
39;Super Smash Bros. Brawl;Luta;Nintendo HAL;Nintendo Wii;17/04/2001;11.5;2008;-;
40;Spin Master;Plataforma;Data East;Arcade;07/04/2001;1;1993;-;
41;Metal Slug 5;Run and Gun;SNK Games;Arcade;11/03/2001;1;2003;-;
42;Metal Slug X;Run and Gun;SNK Games;Arcade;12/03/2001;1;1999;-;
43;Blue's Journey;Plataforma;SNK Games;Arcade;13/01/2001;1;1991;-;
44;The King of Fighters 2000;Luta;SNK Games;Arcade;25/04/2001;0.5;2000;-;
45;Waku Waku 7;Luta;Sunsoft;Arcade;04/11/2025;0.5;1996;Hardcore;
46;Crash Bandicoot;Plataforma;Naughty Dog;PlayStation;25/01/2001;6;1996;-;
47;Crash Bandicoot 2: Cortex Strikes Back;Plataforma;Naughty Dog;PlayStation;26/01/2001;6;1997;-;
48;Crash Bandicoot 3: Warped;Plataforma;Naughty Dog;PlayStation;03/08/2024;3.5;1998;Softcore;
49;Einhander;Shmup;Square Enix;PlayStation;12/08/2023;3;1997;Softcore;
50;Gran Turismo;Corrida;Polyphony Digital;PlayStation;26/09/2025;10.33;1997;Hardcore;
51;Gran Turismo 2;Corrida;Polyphony Digital;PlayStation;19/10/2025;48.66;1999;Hardcore;
52;Tekken 2;Luta;Namco Bandai;PlayStation;20/04/2001;12;1995;-;
53;Tekken 3;Luta;Namco Bandai;PlayStation;10/12/2024;20;1997;Hardcore;
54;Street Fighter Alpha 3;Luta;Capcom;PlayStation;09/04/2001;1.5;1998;-;
55;Pocket Fighter;Luta;Capcom;PlayStation;25/09/2025;0.3;1997;Hardcore;
56;Bushido Blade 2;Luta;Square Enix;PlayStation;17/01/2001;1;1998;-;
57;Final Fantasy VII;RPG;Square Enix;PlayStation;17/02/2001;48;1997;-;
58;Dino Crisis 2;Survival Horror;Capcom;PlayStation;03/02/2001;8;2000;-;
59;Harry Potter and the Philosopher's Stone;Aventura;EA Games;PlayStation;25/02/2001;6;2001;-;
60;Tekken 4;Luta;Namco Bandai;PlayStation 2;13/10/2025;3.79;2001;Hardcore;
61;Tekken 5;Luta;Namco Bandai;PlayStation 2;21/04/2001;2;2005;-;
62;Batman: Arkham City;Aventura;Rocksteady;PlayStation 3;10/01/2001;13.5;2009;-;
63;Batman: Arkham Origins;Aventura;Rocksteady;PlayStation 3;11/01/2001;12.5;2013;-;
64;Grand Theft Auto IV;Ação;Rockstar Games;PlayStation 3;22/02/2001;28;2008;-;
65;The Darkness II;Tiro em Primeira Pessoa;Digital Extremes;Xbox 360;24/04/2001;6;2012;-;
66;Resident Evil 4;Survival Horror;Capcom;PC;17/04/2020;16;2005;-;
67;Resident Evil 5;Survival Horror;Capcom;PC;10/04/2023;12;2009;-;
68;Resident Evil 6;Survival Horror;Capcom;PC;10/04/2020;22;2012;-;
69;Resident Evil Revelations;Survival Horror;Capcom;PC;28/03/2001;10;2012;-;
70;Resident Evil: Operation Raccoon City;Survival Horror;Slant Six Games/ Capcom;PC;20/09/2011;6;2012;-;
71;Tomb Raider (2013);Aventura;Square Enix;PC;28/04/2001;11.5;2013;-;
72;Tomb Raider: Legend;Aventura;Eidos Interactive;PC;29/04/2001;7;2006;-;
73;Mega Man X8;Ação;Capcom;PC;06/03/2001;5;2004;-;
74;Street Fighter IV;Luta;Capcom;PC;11/04/2001;2.5;2008;-;
75;Street Fighter X Tekken;Luta;Capcom;PC;12/04/2001;2;2012;-;
76;Driver: San Francisco;Corrida;Ubisoft;PC;13/02/2001;12;2011;-;
77;Wanted: Weapons of Fate;Tiro em Terceira Pessoa;Warner Bros. Interactive;PC;02/05/2001;5;2009;-;
78;Ninja Blade;Hack and Slash;Team Ninja;PC;21/03/2001;8.5;2009;-;
79;Tom Clancy's Splinter Cell: Conviction;Tiro em Terceira Pessoa;Ubisoft;PC;27/04/2001;7.5;2010;-;
80;Assassin's Creed;Ação;Ubisoft;PC;05/09/2011;15;2007;-;
81;Assassin's Creed II;Ação;Ubisoft;PC;01/02/2015;19;2009;-;
82;Assassin's Creed: Brotherhood;Ação;Ubisoft;PC;06/01/2001;15;2010;-;
83;Assassin's Creed: Revelations;Ação;Ubisoft;PC;07/01/2001;12.5;2011;-;
84;Need For Speed: Most Wanted (2005);Corrida;EA Games;PC;19/03/2001;20.5;2005;-;
85;Need For Speed: Carbon;Corrida;EA Games;PC;18/03/2001;12;2006;-;
86;Call of Duty 4: Modern Warfare;Tiro em Primeira Pessoa;Infinity Yard/ Activision;PC;14/10/2014;7;2007;-;
87;Call of Duty: Modern Warfare 2;Tiro em Primeira Pessoa;Infinity Yard/ Activision;PC;21/01/2001;6.5;2009;-;
88;BulletStorm;Tiro em Primeira Pessoa;EA Games;PC;17/08/2013;7.5;2011;-;
89;Call of Duty: Black Ops;Tiro em Primeira Pessoa;Infinity Yard/ Activision;PC;20/01/2001;7;2010;-;
90;007: Legends;Tiro em Primeira Pessoa;Eurocom/ Activision;PC;02/01/2001;7;2012;-;
91;007: Quantum of Solace;Tiro em Primeira Pessoa;Beenox/ Activision;PC;03/01/2001;7;2008;-;
92;James Bond 007: Blood Stone;Tiro em Primeira Pessoa;Bizarre Creations/ Activision;PC;04/03/2012;7;2010;-;
93;Disney's G'Force;Tiro em Terceira Pessoa;Disney Interactive;PC;05/02/2001;9;2009;-;
94;Sonic Generations;Aventura;SEGA;PC;03/04/2001;6;2011;-;
95;Devil May Cry 4;Hack and Slash;Capcom;PC;01/02/2001;13;2008;-;
96;DMC: Devil May Cry;Hack and Slash;Capcom;PC;08/05/2022;12;2013;-;
97;Batman: Arkham Asylum;Aventura;Rocksteady;PC;09/01/2001;11;2009;-;
98;Braid;Plataforma;Jogo Indie;PC;15/01/2001;5;2008;-;
99;Minecraft;Exploração;Mojang;PC;14/03/2001;80;2011;-;
100;Onimusha 3: Demon Siege;Hack and Slash;Capcom;PC;22/03/2001;12;2005;-;
101;Remember Me;Hack and Slash;Capcom;PC;12/06/2013;10;2013;-;
102;Burnout: Paradise;Corrida;EA Games;PC;16/01/2001;13;2008;-;
103;Harry Potter and the Deathly Hallow Pt.1;Aventura;EA Games;PC;23/02/2001;5;2010;-;
104;Harry Potter and the Half-Blood Prince;Aventura;EA Games;PC;24/02/2001;6;2009;-;
105;Spec Ops: The Line;Tiro em Terceira Pessoa;2K Games;PC;06/04/2001;7;2012;-;
106;Mirror's Edge;Tiro em Primeira Pessoa;EA Games;PC;15/03/2001;6;2008;-;
107;Sonic The Hedgehog;Plataforma;SEGA;Sega MegaDrive;12/08/2023;2;1991;Softcore;
108;Sonic The Hedgehog 2;Plataforma;SEGA;Sega MegaDrive;11/06/2016;3;1992;-;
109;Asphalt 6: Adrenaline;Corrida;Gameloft;Mobile;05/01/2001;8;2010;-;
110;God of War: Betrayal;Hack and Slash;Santa Monica Studios;Mobile;21/02/2001;2;2007;-;
111;Metal Gear Solid: Peace Walker;Tiro em Terceira Pessoa;Kojima Productions/KONAMI;PlayStation 3;20/09/2016;18;2010;-;
112;Disney's The Lion King;Plataforma;Disney Interactive;Super Nintendo;07/02/2001;2.5;1994;-;
113;Contra III - The Alien Wars;Run and Gun;KONAMI;Super Nintendo;24/01/2001;2;1992;-;
114;Driver 2: The Whellman is Back;Corrida;Reflections Game;PlayStation;12/02/2001;16;2000;-;
115;Dragon Ball: Advanced Adventure;Plataforma;Bandai Games;Gameboy Advance;11/02/2001;4;2004;-;
116;Frogger;Plataforma;Hasbro Interactive;PlayStation;18/02/2001;8;1997;-;
117;Portal;Tiro em Primeira Pessoa;Valve;PC;23/03/2001;3;2007;-;
118;Shovel Knight: Shovel of Hope;Plataforma;Yacht Club Games;PC;29/03/2001;7;2014;-;
119;Resident Evil 3: Nemesis;Survival Horror;Capcom;PlayStation;27/03/2001;7;1999;-;
120;Undertale;RPG;Toby Fox;PC;30/04/2001;5;2015;-;
121;007 - The World Is Not Enough;Tiro em Primeira Pessoa;Eurocom/ Activision;Nintendo 64;01/01/2001;5;2000;-;
122;Gex: Enter The Gecko;Plataforma;Eidos Interactive;PlayStation;20/02/2001;9;1998;-;
123;Mario Kart 64;Corrida;Nintendo;Nintendo 64;05/03/2001;5;1996;-;
124;Ratchet: Deadlocked;Aventura;Insomniac Games;PlayStation 3;25/03/2001;8;2005;-;
125;Sonic The Hedgehog 3;Plataforma;SEGA;Sega MegaDrive;04/04/2001;3;1994;-;
126;Dissidia Final Fantasy;Luta;Square Enix;PlayStation Portable;09/02/2001;26;2008;-;
127;Resident Evil 7: Biohazard;Survival Horror;Capcom;PC;24/05/2023;12;2017;-;
128;Monument Valley;Puzzle;Ustwo;Mobile;16/03/2001;2;2014;-;
129;Dissidia 012 Final Fantasy;Luta;Square Enix;PlayStation Portable;08/02/2001;28;2011;-;
130;The 3rd Birthday;Tiro em Terceira Pessoa;Square Enix;PlayStation Portable;23/04/2001;10.5;2010;-;
131;Kingdom Hearts: Birth of Sleep;RPG de Ação;Square Enix;PlayStation Portable;02/03/2001;26;2010;-;
132;Assassin's Creed: Rogue;Ação;Ubisoft;PlayStation 3;08/01/2001;10.5;2014;-;
133;Call of Duty: Modern Warfare 3;Tiro em Primeira Pessoa;Infinity Yard/ Activision;PC;22/01/2001;6;2011;-;
134;Crash Bandicoot (N Sane Trilogy);Plataforma;Activision;PC;28/06/2022;5;2017;-;
135;Injustice 2: Every Battle Defines You;Luta;Netherrealm Games;PC;26/02/2001;5.5;2017;-;
136;Crash Bandicoot 2 (N Sane Trilogy);Plataforma;Activision;PC;03/07/2022;5.5;2017;-;
137;Tekken 7;Luta;Namco Bandai;PC;27/02/2022;8;2015;-;
138;Resident Evil 2: Remake;Survival Horror;Capcom;PC;26/03/2001;12;2019;-;
139;Crash Bandicoot 3: Warped (N Sane Trilogy);Plataforma;Activision;PC;12/07/2022;5;2017;-;
140;Sonic Forces;Plataforma;SEGA;PC;02/04/2001;4;2017;-;
141;Devil May Cry V;Hack and Slash;Capcom;PC;02/02/2001;12;2019;-;
142;Mortal Kombat X;Luta;Netherrealm Games;PC;17/03/2001;5.5;2011;-;
143;Cuphead;Plataforma;MHDR Studios;PC;30/01/2001;12;2017;-;
144;Celeste;Plataforma;Matt Makes Game;PC;23/01/2001;8;2018;-;
145;Journey;Aventura;That Game Company;PC;28/02/2001;2;2012;-;
146;Crash Tag Team Racing;Corrida;Activision;PlayStation Portable;29/01/2001;8;2005;-;
147;Quantum Break;Tiro em Terceira Pessoa;Remedy Interactive;PC;24/03/2001;12;2016;-;
148;Battlefield 1;Tiro em Primeira Pessoa;DICE/ EA Games;PC;12/01/2001;6.5;2016;-;
149;Wolfenstein: The New Order;Tiro em Primeira Pessoa;MachineGames;PC;04/05/2001;11.5;2014;-;
150;Call of Duty Modern Warfare Remastered;Tiro em Primeira Pessoa;Infinity Yard/ Activision;PC;18/01/2001;7;2016;-;
151;Wolfenstein: The Old Blood;Tiro em Primeira Pessoa;MachineGames;PC;05/05/2001;6;2015;-;
152;Call of Duty: Advanced Warfare;Tiro em Primeira Pessoa;Infinity Yard/ Activision;PC;19/01/2001;7;2014;-;
153;Super Mario 3D World;Plataforma;Nintendo;Nintendo Wii U;15/04/2001;10.5;2013;-;
154;Superhot;Tiro em Primeira Pessoa;SUPERHOT Team;PC;19/04/2001;5;2016;-;
155;Detroit: Become Human;Point and Click;Quantic Dream;PC;31/01/2001;15;2018;-;
156;Alan Wake: American Nightmare;Survival Horror;Remedy Interactive;PC;04/01/2001;4;2012;-;
157;Love Hina Advance: Shukufuku no Kane wa Harukana;Visual Novel;Marvelous;Gameboy Advance;04/03/2001;2;2001;-;
158;Limbo;Plataforma;Playdead;PC;03/03/2001;3.5;2010;-;
159;The Legend of Zelda: Ocarina of Time;RPG de Ação;Nintendo;Nintendo 64;15/06/2012;28.3;1998;-;
160;Crysis 3;Tiro em Primeira Pessoa;EA Games;PlayStation 3;16/08/2014;7;2013;-;
161;Mortal Kombat 9 (2011);Luta;Netherrealm Games;PlayStation 3;09/11/2014;8;2011;-;
162;Tekken Tag Tournament 2;Luta;Namco Bandai;PlayStation 3;18/12/2014;60;2012;-;
163;Metal Gear Rising: Revengeance;Hack and Slash;Platinium Games/KONAMI;PlayStation 3;07/01/2015;7;2013;-;
164;Metal Gear Solid 4: Guns of the Patriots;Tiro em Terceira Pessoa;Kojima Productions/KONAMI;PlayStation 3;23/01/2015;26;2008;-;
165;God of War: Ascencion;Hack and Slash;Santa Monica Studios;PlayStation 3;30/01/2015;9;2013;-;
166;Assassin's Creed IV: Black Flag;Ação;Ubisoft;PlayStation 3;06/02/2015;23;2013;-;
167;Call of Duty: Ghosts;Tiro em Primeira Pessoa;Infinity Yard/ Activision;PlayStation 3;07/02/2015;6;2013;-;
168;Injustice: Gods Amoug Us;Luta;Netherrealm Games;PlayStation 3;11/03/2015;5.5;2013;-;
169;Tom Clancy's Splinter Cell: Blacklist;Tiro em Terceira Pessoa;Ubisoft;PlayStation 3;29/03/2015;11;2013;-;
170;Watch_Dogs;Ação;Ubisoft;PlayStation 3;08/04/2015;19.5;2014;-;
171;Naruto Shippuuden Ultimate Ninja Storm 3;Luta;Bandai Games;PlayStation 3;14/08/2015;13;2013;-;
172;Gran Turismo 6;Corrida;Polyphony Digital;PlayStation 3;23/08/2015;44.5;2013;-;
173;Battlefield 3;Tiro em Primeira Pessoa;DICE/ EA Games;PlayStation 3;28/08/2015;6;2011;-;
174;Metal Gear Solid 3: Snake Eater;Tiro em Terceira Pessoa;Kojima Productions/KONAMI;PlayStation 3;01/10/2015;16;2004;-;
175;Uncharted 3: Drake's Deception;Tiro em Terceira Pessoa;Naughty Dog;PlayStation 3;12/10/2015;9;2011;-;
176;Assassin's Creed III;Ação;Ubisoft;PlayStation 3;05/11/2015;16;2012;-;
177;Killzone 3;Tiro em Primeira Pessoa;Guerrila Games;PlayStation 3;17/11/2015;7;2011;-;
178;Far Cry 3;Tiro em Primeira Pessoa;Ubisoft;PlayStation 3;13/01/2016;25;2012;-;
179;Call of Duty: Black Ops II;Tiro em Primeira Pessoa;Infinity Yard/ Activision;PlayStation 3;02/02/2016;7;2012;-;
180;The Walking Dead: Season One;Point and Click;Telltale Games;PlayStation 3;25/02/2016;2.5;2012;-;
181;The Last of Us;Survival Horror;Naughty Dog;PlayStation 3;03/08/2016;15;2013;-;
182;inFamous;Aventura;Sucker Punch Productions;PlayStation 3;04/08/2016;15;2009;-;
183;God of War;Hack and Slash;Santa Monica Studios;PlayStation 3;07/08/2016;9;2005;-;
184;God of War II;Hack and Slash;Santa Monica Studios;PlayStation 3;25/08/2016;12;2007;-;
185;Metal Gear Solid V: Ground Zeroes;Tiro em Terceira Pessoa;Kojima Productions/KONAMI;PlayStation 3;01/12/2016;2;2015;-;
186;Grand Theft Auto V;Ação;Rockstar Games;PlayStation 3;05/12/2016;35;2013;-;
187;Ratchet & Clank: Full Frontal Assault;Tiro em Terceira Pessoa;Insomniac Games;PlayStation 3;12/12/2016;5;2012;-;
188;Kingdom: Classic;Aventura;Raw Fury Games;PC;07/01/2018;10;2015;-;
189;UFC Undisputed 2010;Luta;THQ Nordic;PlayStation 3;01/06/2018;24;2010;-;
190;PlayStation All-Stars Battle Royale;Luta;SuperBot Entertainment/ SCE Santa Monica;PlayStation 3;26/08/2018;3.5;2012;-;
191;inFamous: Festival of Blood;Aventura;Sucker Punch Productions;PlayStation 3;26/09/2018;3;2011;-;
192;Max Payne 3;Tiro em Terceira Pessoa;Rockstar Games;PlayStation 3;02/12/2018;10;2012;-;
193;God of War: Chains of Olympus;Hack and Slash;Ready at Dawn/Santa Monica Studios;PlayStation 3;12/12/2018;5.5;2008;-;
194;God of War: Ghost of Sparta;Hack and Slash;Ready at Dawn/Santa Monica Studios;PlayStation 3;25/12/2018;6.5;2010;-;
195;Soul Calibur V;Luta;Namco Bandai Games;PlayStation 3;02/01/2019;3;2012;-;
196;Battlefield 4;Tiro em Primeira Pessoa;DICE/ EA Games;PlayStation 3;03/01/2019;6;2013;-;
197;Assassin's Creed III: Liberation HD;Ação;Ubisoft;PlayStation 3;07/01/2019;8;2012;-;
198;EA Sports MMA;Luta;EA Sports;PlayStation 3;09/01/2019;14;2010;-;
199;Killer Instinct: Definitive Edition;Luta;RARE;PC;07/03/2020;3.5;2013;-;
200;Ryse: Son of Rome;Aventura;Microsoft Studios;PC;22/03/2020;7;2013;-;
201;Homefront;Tiro em Primeira Pessoa;KAOS Studio;PC;03/05/2020;4.33;2011;-;
202;Life Is Strange;Aventura;DONTNOD/Square Enix;PC;18/05/2020;12;2015;-;
203;Minecraft Dungeons;Dungeon Crawler;MOJANG Studios;PC;31/05/2020;5.5;2020;-;
204;Marvel Vs. Capcom: Infinite;Luta;Capcom;PC;11/06/2020;5;2017;-;
205;The Awesome Adventures of Captain Spirit;Point and Click;DONTNOD/Square Enix;PC;12/06/2020;2;2018;-;
206;Dead Rising 4;Survival Horror;Capcom;PC;12/06/2020;14;2016;-;
207;Sunset Overdrive;Aventura;Insomniac Games;PC;12/07/2020;12;2014;-;
208;Assassin's Creed: Unity;Ação;Ubisoft;PC;17/07/2020;17;2014;-;
209;Assassin's Creed: Syndicate;Ação;Ubisoft;PC;18/07/2020;23;2015;-;
210;Assassin's Creed: Origins;Ação;Ubisoft;PC;03/08/2020;32;2017;-;
211;Lara Croft GO;Puzzle;Square Enix;PC;15/08/2020;4.5;2015;-;
212;Resident Evil 3: Remake;Survival Horror;Capcom;PC;26/09/2020;5.58;2020;-;
213;Mortal Kombat 11;Luta;Netherrealm Games;PC;15/10/2020;6;2020;-;
214;Sonic Mania;Plataforma;SEGA;PC;31/10/2020;10;2017;-;
215;New Super Mario Bros. U;Plataforma;Nintendo;Nintendo Wii U;10/11/2020;9;2012;-;
216;Hyrule Warriors;Hack and Slash;Koei Tecmo;Nintendo Wii U;20/11/2020;13;2014;-;
217;Hard Reset Redux;Tiro em Primeira Pessoa;Flying Wild Hog;PC;21/12/2020;8.33;2011;-;
218;Borderlands GOTY Enhanced;Tiro em Primeira Pessoa;2K Games;PC;29/12/2020;19;2007;-;
219;Streets of Rage 4;Beat 'em Up;Dotemu;PC;14/01/2021;10;2020;-;
220;The Legend of Zelda: Breath of the Wild;RPG de Ação;Nintendo;Nintendo Switch;24/04/2026;85;2017;-;Já tinha zerado antes, entretanto sem data. Data atual é da última zerada.
221;Doom Eternal;Tiro em Primeira Pessoa;ID Software;PC;10/02/2021;21;2020;-;
222;Alan Wake;Survival Horror;Remedy Interactive;PC;11/02/2021;18;2012;-;
223;Dead Rising 3;Survival Horror;Capcom;PC;20/04/2021;28.75;2013;-;
224;Kirby Star Allies;Plataforma;Nintendo;Nintendo Switch;01/05/2021;5.5;2018;-;
225;A Plague Tale: Innocence;Survival Horror;ASOBO Studios;PC;05/06/2021;13.67;2019;-;
226;Spyro The Dragon (Reignited Trilogy);Plataforma;Activision;PC;28/06/2021;8;2018;-;
227;Call of Duty: World War II;Tiro em Primeira Pessoa;Activision;PC;15/07/2021;7;2017;-;
228;The Legend of Zelda: Link's Awakening;RPG de Ação;Nintendo;Nintendo Switch;26/10/2021;22.54;2019;-;
229;Dishonored;Tiro em Primeira Pessoa;Arkane Studios;PC;22/08/2021;10.029999999999999;2012;-;
230;Dishonored 2;Tiro em Primeira Pessoa;Arkane Studios;PC;14/09/2021;15.75;2016;-;
231;Super Mario Odyssey;Plataforma;Nintendo;Nintendo Switch;01/11/2021;28;2017;-;
232;Resident Evil: Village;Survival Horror;Capcom;PC;10/12/2021;10.029999999999999;2021;-;
233;Call of Juarez: Gunslinger;Tiro em Primeira Pessoa;Techland;PC;14/12/2021;4.8;2013;-;
234;Final Fantasy VII Remake;RPG de Ação;Square Enix;PC;14/01/2022;37.33;2020;-;
235;God of War (2018);RPG de Ação;Santa Monica Studios;PC;29/01/2022;28.75;2018;-;
236;Mafia: Definitive Edition;Ação;Hangar 13;PC;01/02/2022;13.2;2020;-;
237;Mega Man (Legacy Collection);Plataforma;Capcom;Nintendo 8-bits;11/02/2022;5;1987;-;
238;Mega Man 2 (Legacy Collection);Plataforma;Capcom;Nintendo 8-bits;14/02/2022;4.5;1988;-;
239;Mega Man 3 (Legacy Collection);Plataforma;Capcom;Nintendo 8-bits;15/02/2022;3;1990;-;
240;Mega Man 4 (Legacy Collection);Plataforma;Capcom;Nintendo 8-bits;16/02/2022;2.5;1991;-;
241;Mega Man 5 (Legacy Collection);Plataforma;Capcom;Nintendo 8-bits;18/02/2022;3;1992;-;
242;Mega Man 6 (Legacy Collection);Plataforma;Capcom;Nintendo 8-bits;18/02/2022;2.83;1993;-;
243;Mega Man 7 (Legacy Collection);Plataforma;Capcom;Super Nintendo;24/02/2022;5;1995;-;
244;Crysis 2;Tiro em Primeira Pessoa;EA Games;PC;08/05/2022;7.47;2011;-;
245;Destroy All Humans!;Plataforma;THQ Nordic;PC;08/05/2022;10;2020;-;
246;Battlefield V;Tiro em Primeira Pessoa;EA Games;PC;23/05/2022;7;2018;-;
247;Sonic The Hedgehog 4 Episode 1;Plataforma;SEGA;PC;15/06/2022;4;2010;-;
248;Teenage Mutant Ninja Turtles: Shredder's Revenge;Beat 'em Up;Dotemu;PC;09/07/2022;4;2022;-;
249;Reventure;Plataforma;Pixelatto;PC;12/07/2022;17;2019;-;
250;Call of Duty: Black Ops III;Tiro em Primeira Pessoa;Activision;PC;06/08/2022;12;2015;-;
251;NieR: Automata;RPG de Ação;Square Enix;PC;10/08/2022;11.05;2017;-;
252;State of Decay 2 GOTY;Survival Horror;Undead Labs;PC;08/09/2022;37;2018;-;
253;Slime Rancher;Aventura;Monomi Park;PC;12/09/2022;22;2016;-;
254;Crash Bandicoot: The Wrath of Cortex;Plataforma;Traveller's Tales;PlayStation 2;27/09/2022;8;2001;-;
255;Marvel's Spider Man Remastered;Aventura;Insomniac Games;PC;07/10/2022;18;2018;-;
256;Marvel's Spider Man Miles Morales;Aventura;Insomniac Games;PC;15/10/2022;8;2020;-;
257;A Lenda do Herói;Plataforma;Dumativa Studios;PC;17/10/2022;7;2016;-;
258;Streets of Kamurocho;Beat 'em Up;SEGA;PC;26/10/2022;0.17;2020;-;
259;Disney's The Little Mermaid;Plataforma;Capcom;Nintendo 8-bits;26/10/2022;0.53;1991;-;
260;Chiki Chiki Boys;Plataforma;Capcom;Sega MegaDrive;01/11/2022;1;1990;-;
261;Katana ZERO;Plataforma;Askiisoft;PC;09/11/2022;4.33;2019;-;
262;Naruto: Ninja Council;Plataforma;TOMY;Gameboy Advance;11/11/2022;1.5;2010;-;
263;The Outfoxies;Luta;Namco Bandai;Arcade;12/11/2022;1.33;1995;-;
264;Dungeons & Dragons: Shadow Over Mystara;Beat 'em Up;Capcom;Arcade;16/11/2022;1;1996;-;
265;Dungeons & Dragons: Tower of Doom;Beat 'em Up;Capcom;Arcade;16/11/2022;1;1994;-;
266;Warrior Blade: Rastan Saga Episode III;Beat 'em Up;Taito;Arcade;17/11/2022;0.83;1991;-;
267;Golden Axe: The Revenge of Death-Adder;Beat 'em Up;SEGA;Arcade;17/11/2022;1;1992;-;
268;Alien Vs. Predator;Beat 'em Up;Capcom;Arcade;17/11/2022;1;1994;-;
269;Days Gone;Survival Horror;Bend Studios;PC;22/11/2022;38.42;2019;-;
270;Street Fighter II - The World Warriors (Capcom Arcade Stadium);Luta;Capcom;Arcade;30/11/2022;1;1991;-;
271;1943: The Battle of Midway (Capcom Arcade Stadium);Shmup;Capcom;Arcade;30/11/2022;1.33;1987;-;
272;Ghost'n Goblins (Capcom Arcade Stadium);Plataforma;Capcom;Arcade;01/12/2022;1.25;1985;-;
273;Hanna Barbera Turbo Toons;Corrida;Empire Software;Super Nintendo;02/12/2022;0.17;1994;-;
274;Tekken;Luta;Namco Bandai;PlayStation;02/12/2022;0.38;1994;-;
275;Virtua Fighter 2;Luta;SEGA;Sega MegaDrive;02/12/2022;0.53;1993;-;
276;Dead or Alive;Luta;Tecmo;PlayStation;03/12/2022;0.38;1996;-;
277;Bushido Blade;Luta;Square Enix;PlayStation;03/12/2022;0.25;1997;-;
278;Soul Edge (Blade);Luta;Namco Bandai;PlayStation;03/12/2022;0.3;1995;-;
279;Mortal Kombat 4;Luta;Midway;PlayStation;04/12/2022;0.33;1997;-;
280;Golden Axed: A Cancelled Prototype;Beat 'em Up;SEGA;PC;04/12/2022;0.1;2020;-;
281;Alex Kidd in the Enchanted Castle (SEGA Classics);Plataforma;SEGA;Sega MegaDrive;05/12/2022;1;1989;-;
282;Alien Storm (SEGA Classics);Beat 'em Up;Treasure;Sega MegaDrive;07/12/2022;1;1990;-;
283;Streets of Rage (SEGA Classics);Beat 'em Up;SEGA;Sega MegaDrive;08/12/2022;1;1991;-;
284;Streets of Rage 2 (SEGA Classics);Beat 'em Up;SEGA;Sega MegaDrive;09/12/2022;1;1992;-;
285;Streets of Rage 3 (SEGA Classics);Beat 'em Up;SEGA;Sega MegaDrive;09/12/2022;1.1000000000000001;1994;-;
286;Altered Beast (SEGA Classics);Plataforma;SEGA;Sega MegaDrive;10/12/2022;0.33;1988;-;
287;Final Fight (Capcom Arcade Stadium);Beat 'em Up;Capcom;Arcade;10/12/2022;1;1989;-;
288;Ultimate Marvel Vs. Capcom 3;Luta;Capcom;PC;10/12/2022;0.83;2011;-;
289;Vectorman (SEGA Classics);Plataforma;SEGA;Sega MegaDrive;11/12/2022;1;1995;-;
290;Vectorman 2 (SEGA Classics);Plataforma;SEGA;Sega MegaDrive;12/12/2022;1;1996;-;
291;Ikari Warriors (SNK 40th Anniversary Collection);Shmup;SNK Games;Arcade;16/12/2022;0.75;1986;-;
292;Golden Axe (SEGA Classics);Beat 'em Up;SEGA;Sega MegaDrive;17/12/2022;1;1989;-;
293;Golden Axe 2 (SEGA Classics);Beat 'em Up;SEGA;Sega MegaDrive;17/12/2022;1;1991;-;
294;Golden Axe 3 (SEGA Classics);Beat 'em Up;SEGA;Sega MegaDrive;17/12/2022;1;1993;-;
295;Ristar (SEGA Classics);Plataforma;SEGA;Sega MegaDrive;18/12/2022;1;1995;-;
296;Super Bomberman 3;Ação;Hudson Soft;Super Nintendo;21/12/2022;1.5;1995;-;
297;Carrier Air Wing (Capcom Arcade Stadium);Shmup;Capcom;Arcade;23/12/2022;1;1990;-;
298;The Legend of Zelda;RPG de Ação;Nintendo;Nintendo 8-bits;24/12/2022;8.2799999999999994;1986;-;
299;19XX: The War Against Destiny (Capcom Arcade Stadium);Shmup;Capcom;Arcade;24/12/2022;1;1996;-;
300;1944: The Loop Master (Capcom Arcade Stadium);Shmup;Capcom;Arcade;25/12/2022;1.5;2000;-;
301;Teenage Mutant Ninja Turtles (The Cowabunga Collection);Beat 'em Up;KONAMI;Arcade;26/12/2022;1;1989;-;
302;1941: Counter Attack (Capcom Arcade Stadium);Shmup;Capcom;Arcade;26/12/2022;1;1990;-;
303;1942 (Capcom Arcade Stadium);Shmup;Capcom;Arcade;26/12/2022;1.5;1984;-;
304;Senjo no Okami (Capcom Arcade Stadium);Shmup;Capcom;Arcade;26/12/2022;1;1985;-;
305;Progear (Capcom Arcade Stadium);Shmup;Capcom;Arcade;29/12/2022;0.8;2001;-;
306;Giga Wing (Capcom Arcade Stadium);Shmup;Capcom;Arcade;01/01/2023;0.9;1999;-;
307;Forgotten Worlds (Capcom Arcade Stadium);Shmup;Capcom;Arcade;01/01/2023;1;1988;-;
308;Cyberbots: Fullmetal Madness (Capcom Arcade Stadium);Luta;Capcom;Arcade;03/01/2023;1;1995;-;
309;Battle Circuit (Capcom Arcade Stadium);Beat 'em Up;Capcom;Arcade;03/01/2023;1.3;1997;-;
310;Captain Commando (Capcom Arcade Stadium);Beat 'em Up;Capcom;Arcade;04/01/2023;1;1991;-;
311;Dynasty Wars (Capcom Arcade Stadium);Beat 'em Up;Capcom;Arcade;06/01/2023;1;1989;-;
312;Warriors of Fate (Capcom Arcade Stadium);Beat 'em Up;Capcom;Arcade;07/01/2023;1;1992;-;
313;Varth: Operation Thunderstorm (Capcom Arcade Stadium);Shmup;Capcom;Arcade;07/01/2023;1.5;1992;-;
314;Super Mario 3D Land;Plataforma;Nintendo;Nintendo 3DS;08/01/2023;4.45;2011;-;
315;New Super Mario Bros. 2;Plataforma;Nintendo;Nintendo 3DS;08/01/2023;3.65;2012;-;
316;Vulgus (Capcom Arcade Stadium);Shmup;Capcom;Arcade;10/01/2023;0.78;1984;-;
317;Mighty Final Fight;Beat 'em Up;Capcom;Nintendo 8-bits;11/01/2023;1.2;1993;-;
318;Senjo no Okami II (Capcom Arcade Stadium);Shmup;Capcom;Arcade;11/01/2023;1.1000000000000001;1990;-;
319;Legendary Wings (Capcom Arcade Stadium);Shmup;Capcom;Arcade;11/01/2023;1.6;1986;-;
320;Super Smash Bros. For Wii U;Luta;Nintendo HAL;Nintendo Wii U;12/01/2023;0.25;2014;-;
321;Super Bomberman 4;Plataforma;Hudson Soft;Super Nintendo;14/01/2023;1.08;1996;-;
322;Super Bomberman 5;Plataforma;Hudson Soft;Super Nintendo;16/01/2023;1.4;1997;-;
323;SectionZ;Shmup;Capcom;Arcade;17/01/2023;0.21;1985;-;
324;The Legend of Zelda: Ocarina of Time 3D;RPG de Ação;Nintendo;Nintendo 3DS;20/01/2023;22.6;2011;-;
325;Teenage Mutant Ninja Turtles: Turtles in Time (The Cowabunga Collection);Beat 'em Up;KONAMI;Arcade;21/01/2023;0.85;1991;-;
326;Teenage Mutant Ninja Turtles IV: Turtles in Time (The Cowabunga Collection);Beat 'em Up;KONAMI;Super Nintendo;21/01/2023;0.55000000000000004;1992;-;
327;Pirate Ship Higemaru (Capcom Arcade Stadium);Plataforma;Capcom;Arcade;24/01/2023;0.8;1984;-;
328;Powered Gear - Strategic Variant Armor Equipment (Capcom Arcade Stadium);Beat 'em Up;Capcom;Arcade;24/01/2023;1;1994;-;
329;Strider (Capcom Arcade Stadium);Plataforma;Capcom;Arcade;24/01/2023;0.9;1989;-;
330;Tatakai no Banka (Capcom Arcade Stadium);Plataforma;Capcom;Arcade;24/01/2023;1;1986;-;
331;Hi-Fi Rush;Plataforma;Tango Gameworks;PC;28/01/2023;9.2799999999999994;2023;-;
332;Ghouls'n Ghosts (Capcom Arcade Stadium);Plataforma;Capcom;Arcade;29/01/2023;1;1988;-;
333;Teenage Mutant Ninja Turtles: The Hyperstone Heist (The Cowabunga Collection);Beat 'em Up;KONAMI;Sega MegaDrive;29/01/2023;1;1992;-;
334;Teenage Mutant Ninja Turtles II: The Arcade Game;Beat 'em Up;KONAMI;Nintendo 8-bits;30/01/2023;1.5;1990;-;
335;Teenage Mutant Ninja Turtles: Fall of the Foot Clan;Plataforma;KONAMI;Gameboy;31/01/2023;0.6;1990;-;
336;Teenage Mutant Ninja Turtles II: Back from the Sewers;Plataforma;KONAMI;Gameboy;31/01/2023;0.8;1991;-;
337;High on Life;Tiro em Primeira Pessoa;Squanch Games;PC;05/02/2023;11.52;2022;-;
338;Ori and the Blind Forest;Metroidvania;Microsoft Studios;PC;11/02/2023;6.03;2015;-;
339;Atomic Heart;Tiro em Primeira Pessoa;Mundfish;PC;04/03/2023;21;2023;-;
340;Kirby and the Forgotten Land;Plataforma;Nintendo HAL;Nintendo Switch;18/03/2023;10;2022;-;
341;Game Dev Story;Gerenciamento;Kairosoft;PC;23/03/2023;9.6;2010;-;
342;Super Smash Bros. Ultimate;Luta;Nintendo HAL;Nintendo Switch;25/03/2023;26.5;2018;-;
343;Call of Duty: Infinite Warfare;Tiro em Primeira Pessoa;Activision;PC;28/03/2023;11.2;2016;-;
344;Bright Memory;Tiro em Primeira Pessoa;FYQD Studio;PC;28/03/2023;0.6;2020;-;
345;Mario Kart 8;Corrida;Nintendo;Nintendo Wii U;15/04/2023;5.3;2017;-;
346;Bayonetta;Hack and Slash;SEGA;Nintendo Wii U;20/04/2023;13.66;2009;-;
347;Bayonetta 2;Hack and Slash;SEGA;Nintendo Wii U;21/04/2023;7.65;2014;-;
348;Marvel's Avengers;Aventura;Crystal Dynamics;PC;03/05/2023;14.32;2020;-;
349;Mega Man - The Power Battle;Luta;Capcom;Arcade;08/05/2023;0.5;1995;-;
350;Mega Man 2 - The Power Fighters;Luta;Capcom;Arcade;08/05/2023;0.2;1996;-;
351;Batman;Plataforma;Data East;Arcade;10/05/2023;0.5;1990;-;
352;The Punisher;Beat 'em Up;Capcom;Arcade;10/05/2023;1;1993;-;
353;Battle Toads (1992);Beat 'em Up;RARE;Arcade;20/05/2023;1;1992;-;
354;Resident Evil 4 Remake;Survival Horror;Capcom;PC;27/05/2023;16.5;2023;-;
355;Cadillac and Dinossaurs;Beat 'em Up;Capcom;Arcade;30/05/2023;1.25;1993;-;
356;Samurai Shodown (2019);Luta;SNK;PC;18/06/2023;0.25;2019;-;
357;Forza Horizon 4;Corrida;Playground Games;PC;23/06/2023;48.2;2018;-;"Finalizar a última corrida ""Marathon"""
358;Garou - Mark of the Wolves;Luta;SNK;Arcade;25/06/2023;0.75;1999;-;
359;Akai Katana;Shmup;Cave;Arcade;25/06/2023;0.8;2010;-;
360;Sunset Riders;Plataforma;KONAMI;Arcade;25/06/2023;0.75;1991;-;
361;Wild West C.O.W. Boys of Moo Mesa;Plataforma;KONAMI;Arcade;26/06/2023;1;1992;-;
362;Vasara;Shmup;Visco Corporation;Arcade;26/06/2023;0.8;2000;-;
363;Vasara 2;Shmup;Visco Corporation;Arcade;26/06/2023;0.9;2001;-;
364;V Rising;RPG;Stunlock Studios;PC;14/07/2023;27.6;2022;-;
365;Final Fantasy XII: The Zodiac Age;RPG;Square Enix;PC;29/07/2023;42;2017;-;
366;Crash Bandicoot 4: It's About Time;Plataforma;Activision;PC;02/08/2023;8.83;2020;-;
367;UFC Sudden Impact;Luta;Global Star;PlayStation 2;13/08/2023;2;2004;-;
368;Tekken: Tag Tournament;Luta;Namco Bandai;PlayStation 2;13/08/2023;0.22;2000;-;
369;Dead or Alive 2;Luta;Tecmo;PlayStation 2;14/08/2023;0.25;2000;-;
370;The King of Fighters 2006;Luta;SNK;PlayStation 2;14/08/2023;0.67;2006;-;
371;UFC Undisputed 3;Luta;THQ Nordic;Xbox 360;23/08/2023;12;2012;-;
372;Street Fighter Alpha 2 Gold;Luta;Capcom;PlayStation;30/08/2023;0.76;1996;-;
373;Street Fighter Alpha - Warriors' Dream;Luta;Capcom;PlayStation;31/08/2023;0.78;1995;-;
374;Castlevania;Plataforma;KONAMI;Nintendo 8-bits;02/09/2023;2.7;1987;-;
375;Castlevania II: Simon's Quest;Plataforma;KONAMI;Nintendo 8-bits;05/09/2023;6;1988;-;
376;Castlevania III: Dracula's Curse;Plataforma;KONAMI;Nintendo 8-bits;06/09/2023;2;1990;-;
377;Super Castlevania IV;Plataforma;KONAMI;Super Nintendo;06/09/2023;6;1991;-;
378;Castlevania: The Adventure;Plataforma;KONAMI;Gameboy;06/09/2023;1;1989;-;
379;Castlevania II: Belmont's Revenge;Plataforma;KONAMI;Gameboy;07/09/2023;2;1991;-;
380;Castlevania: Bloodlines;Plataforma;KONAMI;Sega MegaDrive;14/09/2023;3;1994;-;
381;Kid Dracula;Plataforma;KONAMI;Nintendo 8-bits;15/09/2023;2;1990;-;
382;Mass Effect;RPG de Ação;EA Games;PC;21/09/2023;17;2007;-;
383;UFC Throwdown;Luta;Crave Entertainment;Nintendo GameCube;26/09/2023;0.25;2002;-;
384;Mass Effect 2;RPG de Ação;EA Games;PC;30/09/2023;28.51;2010;-;
385;Mass Effect 3;RPG de Ação;EA Games;PC;07/10/2023;30.12;2012;-;
386;Disney's DuckTales (Disney's Afternoon Collection);Plataforma;Capcom;Nintendo 8-bits;08/10/2023;1;1989;-;
387;Disney's Chip 'n Dale: Rescue Rangers (Disney's Afternoon Collection);Plataforma;Capcom;Nintendo 8-bits;08/10/2023;1;1990;-;
388;Disney's TaleSpin (Disney's Afternoon Collection);Shmup;Capcom;Nintendo 8-bits;08/10/2023;1;1991;-;
389;Disney's Darkwing Duck (Disney's Afternoon Collection);Plataforma;Capcom;Nintendo 8-bits;08/10/2023;1;1992;-;
390;Disney's DuckTales 2 (Disney's Afternoon Collection);Plataforma;Capcom;Nintendo 8-bits;09/10/2023;0.8;1993;-;
391;Disney's Chip 'n Dale: Rescue Rangers 2 (Disney's Afternoon Collection);Plataforma;Capcom;Nintendo 8-bits;09/10/2023;0.83;1994;-;
392;Fire Emblem Warriors;Hack and Slash;Team Ninja;Nintendo Switch;16/10/2023;8.9499999999999993;2017;-;
393;Super Mario Bros. Wonder;Plataforma;Nintendo;Nintendo Switch;27/10/2023;11.2;2023;-;
394;Donkey Kong;Plataforma;Nintendo;Nintendo 8-bits;07/12/2023;8;1981;Hardcore;Condição de Zeramento (Completar Game A no Level 3 - Retro Achievements)
395;Super Meat Boy;Plataforma;Thunderful Group;PC;22/12/2023;10.3;2010;-;
396;Need For Speed (2015);Corrida;EA Games;PC;24/12/2023;19.87;2015;-;
397;Need For Speed: Payback;Corrida;EA Games;PC;28/12/2023;15.92;2017;-;
398;Alien Soldier (SEGA Classics);Plataforma;SEGA;Sega MegaDrive;01/01/2024;2.52;1995;-;
399;Wonder Boy III: Monster Lair (SEGA Classics);Plataforma;SEGA;Sega MegaDrive;01/01/2024;1.9;1988;-;
400;Flicky (SEGA Classics);Plataforma;SEGA;Sega MegaDrive;01/01/2024;1.88;1991;-;
401;Bio-hazard Battle (SEGA Classics);Shmup;SEGA;Sega MegaDrive;01/01/2024;1.25;1992;-;
402;Hellblade: Senua's Sacrifice;Ação;Ninja Theory;PC;05/01/2024;8.85;2017;-;
403;Star Wars: The Force Unleashed;Hack and Slash;Lucasfilm Games;PC;06/01/2024;9.5500000000000007;2008;-;
404;Star Wars: The Force Unleashed 2;Hack and Slash;Lucasfilm Games;PC;10/01/2024;5.55;2010;-;
405;Spyro: Ripto's Rage (Reignited Trilogy);Plataforma;Activision;PC;13/01/2024;6;2018;-;
406;Spyro: Year of the Dragon (Reignited Trilogy);Plataforma;Activision;PC;15/01/2024;6;2018;-;
407;Resident Evil Revelations 2;Survival Horror;Capcom;PC;22/01/2024;8.1999999999999993;2015;-;
408;Tekken 8;Luta;Namco Bandai;PC;27/01/2024;4;2024;-;
409;Evoland;RPG;Shiro Games;PC;16/02/2024;3;2013;-;
410;Monument Valley 2;Puzzle;Ustwo Games;Mobile;17/02/2024;2;2017;-;
411;Hyper Dyne Side Arms (Capcom Arcade Stadium 2);Shmup;Capcom;Arcade;22/02/2024;0.5;1986;-;
412;Street Fighter III: New Generation (Street Fighter 30th Anniversary Collection);Luta;Capcom;Arcade;23/02/2024;0.55000000000000004;1997;-;
413;Street Fighter III: 2nd Impact - Giant Attack (Street Fighter 30th Anniversary Collection);Luta;Capcom;Arcade;23/02/2024;0.65;1997;-;
414;Street Fighter III: 3rd Impact (Street Fighter 30th Anniversary Collection);Luta;Capcom;Arcade;23/02/2024;0.7;1999;-;
415;Street Fighter (Capcom Arcade Stadium 2);Luta;Capcom;Arcade;23/02/2024;1.5;1987;-;
416;Vampire Savior: The Lord of Vampire (Capcom Arcade Stadium 2);Luta;Capcom;Arcade;25/02/2024;0.6;1997;-;
417;Block Block (Capcom Arcade Stadium 2);Puzzle;Capcom;Arcade;26/02/2024;0.5;1991;-;
418;Darkstalkers: The Night Warriors (Capcom Arcade Stadium 2);Luta;Capcom;Arcade;26/02/2024;0.5;1994;-;
419;Night Warriors: Darkstalkers' Revenge (Capcom Arcade Stadium 2);Luta;Capcom;Arcade;26/02/2024;0.5;1994;-;
420;Magic Sword (Capcom Arcade Stadium 2);Plataforma;Capcom;Arcade;26/02/2024;1.1000000000000001;1990;-;
421;Eco Fighters (Capcom Arcade Stadium 2);Shmup;Capcom;Arcade;27/02/2024;1;1994;-;
422;1943: Kai (Capcom Arcade Stadium 2);Shmup;Capcom;Arcade;01/03/2024;2;1987;-;
423;Last Duel (Capcom Arcade Stadium 2);Shmup;Capcom;Arcade;06/03/2024;1.5;1988;-;
424;Rally 2011 Led Storm (Capcom Arcade Stadium 2);Corrida;Capcom;Arcade;06/03/2024;0.5;1988;-;
425;Don’t Pull (Capcom Arcade Stadium 2);Puzzle;Capcom;Arcade;06/03/2024;0.5;1991;-;
426;Chariot (Capcom Arcade Stadium 2);Shmup;Capcom;Arcade;06/03/2024;0.8;1991;-;
427;Dead or Alive 4;Luta;Team Ninja;Xbox 360;09/03/2024;0.5;2005;-;
428;The King of Dragons (Capcom Arcade Stadium 2);Beat 'em Up;Capcom;Arcade;13/03/2024;1.33;1991;-;
429;Sonson (Capcom Arcade Stadium 2);Plataforma;Capcom;Arcade;13/03/2024;0.4;1984;-;
430;Black Tiger (Capcom Arcade Stadium 2);Plataforma;Capcom;Arcade;14/03/2024;2;1987;-;
431;Knights of the Rounds (Capcom Arcade Stadium 2);Beat 'em Up;Capcom;Arcade;15/03/2024;0.75;1991;-;
432;Savage Bees (Capcom Arcade Stadium 2);Shmup;Capcom;Arcade;15/03/2024;1.25;1985;-;
433;Midnight Wanderers (Capcom Arcade Stadium 2);Plataforma;Capcom;Arcade;15/03/2024;1;1991;-;
434;Shinobi III: Return of the Ninja Master (SEGA Classics);Plataforma;SEGA;Sega MegaDrive;16/03/2024;2;1993;-;
435;Dead or Alive 5 Ultimate;Luta;Team Ninja;Xbox 360;18/03/2024;3;2013;-;
436;Doom (2016);Tiro em Primeira Pessoa;Bethesda;PC;31/03/2024;19;2016;-;
437;Rise of the Tomb Raider;Aventura;Square Enix;PC;03/04/2024;11.3;2015;-;
438;Sniper Elite V2 Remastered;Tiro em Terceira Pessoa;Rebellion;PC;06/04/2024;6;2019;-;
439;Bright Memory: Infinite;Tiro em Primeira Pessoa;FYQD Studio;PC;16/04/2024;2;2021;-;
440;Virtua Fighter 5;Luta;SEGA;Xbox 360;18/04/2024;0.15;2006;-;
441;Neogeo Battle Coliseum;Luta;SNK;Xbox 360;18/04/2024;0.2;2005;-;
442;Doom 64;Tiro em Primeira Pessoa;Bethesda;PC;21/04/2024;9.5500000000000007;1997;-;
443;Driver: You Are The Wheelman;Corrida;Reflections Game;PlayStation;30/04/2024;5.25;1999;Softcore;
444;Vigilante 8;Combate Veicular;Activision;PlayStation;05/05/2024;6.02;1998;Softcore;
445;Castlevania: Lords of Shadow;Hack and Slash;KONAMI;PC;09/05/2024;24.55;2013;-;
446;The Legend of Zelda: Tears of the Kingdom;Aventura;Nintendo;Nintendo Switch;01/06/2024;76.22;2023;-;
447;ARMS;Luta;Nintendo;Nintendo Switch;04/06/2024;1;2017;-;
448;Hyrule Warriors: Age of Calamity;Hack and Slash;Koei Tecmo;Nintendo Switch;08/06/2024;23;2020;-;
449;Contra: Operation Galuga;Run and Gun;KONAMI;Nintendo Switch;11/06/2024;1.8;2024;-;
450;Halo: Reach (The Master Chief Collection);Tiro em Primeira Pessoa;343 Industries;PC;17/06/2024;9.5;2014;-;
451;Fist of the North Star;Beat 'em Up;Toei Animation;Nintendo 8-bits;20/06/2024;1;1989;-;
452;Fist of the North Star (2005);Luta;SEGA;PlayStation 2;22/06/2024;3;2005;-;
453;Halo CE Anniversary (The Master Chief Collection);Tiro em Primeira Pessoa;343 Industries;PC;24/06/2024;15;2014;-;
454;Street Fighter EX Plus Alpha;Luta;Capcom;PlayStation;26/06/2024;1;1997;-;
455;Double Dragon;Beat 'em Up;Technos Japan;Nintendo 8-bits;14/07/2024;1.25;1987;Softcore;
456;Double Dragon II: The Revenge;Beat 'em Up;Technos Japan;Nintendo 8-bits;16/07/2024;2;1988;Softcore;
457;Double Dragon III: The Sacred Stones;Beat 'em Up;Technos Japan;Nintendo 8-bits;17/07/2024;1.57;1990;Softcore;
458;Double Dragon Advance;Beat 'em Up;Atlus;Gameboy Advance;18/07/2024;1.35;2003;-;
459;Double Dragon V: The Shadow Falls;Luta;Leland Interactive Media;Super Nintendo;18/07/2024;0.33;1994;-;
460;Wild Guns Reloaded;Shmup;Natsumi Atari Inc.;PC;20/07/2024;2;2018;-;
461;Alex Kidd in Miracle World DX;Plataforma;Merge Games;PC;21/07/2024;3.12;2021;-;
462;Metal Slug 2: Super Vehicle-001 (Metal Slug Anthology);Run and Gun;SNK;Arcade;21/07/2024;1;1998;-;
463;Metal Slug: Super Vehicle-001 (Metal Slug Anthology);Run and Gun;SNK;Arcade;21/07/2024;1;1996;-;
464;Metal Slug 3 (Metal Slug Anthology);Run and Gun;SNK;Arcade;21/07/2024;1;2000;-;
465;Metal Slug 4 (Metal Slug Anthology);Run and Gun;SNK;Arcade;21/07/2024;1;2002;-;
466;Metal Slug 5 (Metal Slug Anthology);Run and Gun;SNK;Arcade;21/07/2024;1;2003;-;
467;Metal Slug 6 (Metal Slug Anthology);Run and Gun;SNK;Arcade;21/07/2024;1;2006;-;
468;Metal Slug XX;Run and Gun;SNK;PlayStation Portable;21/07/2024;1;2010;-;
469;Metal Slug Advance;Run and Gun;SNK;Gameboy Advance;22/07/2024;1;2004;Softcore;
470;Mighty Morphin Power Rangers;Beat 'em Up;Namco Bandai;Super Nintendo;27/07/2024;1.3;1994;Softcore;
471;Mighty Morphin Power Rangers - The Movie;Beat 'em Up;Namco Bandai;Super Nintendo;27/07/2024;1.67;1995;Softcore;
472;Gunstar Heroes;Plataforma;Treasure;Sega MegaDrive;27/07/2024;2.25;1993;Softcore;
473;Gran Turismo 3: A-Spec;Corrida;Polyphony Digital;PlayStation 2;28/07/2024;56;2001;-;
474;Gran Turismo Concept 2002 Tokyo-Geneva;Corrida;Polyphony Digital;PlayStation 2;02/08/2024;4.22;2002;Hardcore;
475;Gran Turismo 4 Prologue;Corrida;Polyphony Digital;PlayStation 2;04/08/2024;5.56;2003;Hardcore;
476;Super Mario World 2: Yoshi's Island;Plataforma;Nintendo;Super Nintendo;06/08/2024;9;1995;Softcore;
477;Gran Turismo 4;Corrida;Polyphony Digital;PlayStation 2;24/08/2024;62.45;2004;Hardcore;
478;Hogwarts Legacy;RPG de Ação;Avalanche Studios;PC;28/08/2024;24;2023;-;
479;Prodeus;Tiro em Primeira Pessoa;Bounding Box Software;PC;01/09/2024;11;2020;-;
480;Gotham Knights;Aventura;Warner Bros. Interactive;PC;04/09/2024;24;2022;-;
481;Dirge of Cerberus: Final Fantasy VII;Aventura;Square Enix;PlayStation 2;10/09/2024;10;2006;Hardcore;
482;Uncharted 4: A Thief's End;Aventura;Naughty Dog;PC;29/09/2024;12.2;2016;-;
483;Uncharted: The Lost Legacy;Aventura;Naughty Dog;PC;29/09/2024;5.4;2017;-;
484;God of War: Ragnarok;Hack and Slash;Santa Monica Studios;PC;20/10/2024;27;2022;-;
485;Dragon Ball: FighterZ;Luta;Arc System Works;PC;28/10/2024;10.45;2018;-;
486;Shotgun King: The Final Checkmate;Puzzle;Punkcake Delicieux;PC;14/11/2024;1.25;2022;-;
487;Barbie: Super Model;Plataforma;Hi-Tech Expressions;Super Nintendo;21/11/2024;0.57999999999999996;1993;Hardcore;
488;Super Mario Land;Plataforma;Nintendo;Gameboy;21/11/2024;1;1989;Hardcore;
489;Tekken: Dark Ressurection;Luta;Namco Bandai;PlayStation Portable;24/11/2024;30;2006;Hardcore;Condição de zeramento (Finalizar modo arcade com todos os personagens - Retro Achievements)
490;Senua's Saga: Hellblade II;Aventura;Ninja Theory;PC;30/11/2024;10.5;2024;-;
491;Balloon Fight;Plataforma;Nintendo;Nintendo 8-bits;02/12/2024;16;1984;Hardcore;Condição de zeramento (Bater nível 30 - Retro Achievements)
492;Super Mario Land 2 - 6 Golden Coins;Plataforma;Nintendo;Gameboy;05/12/2024;2.5;1992;Hardcore;
493;World's Scariest Police Chases;Combate Veicular;Unique Studios;PlayStation;07/12/2024;6;2001;Hardcore;
494;007 Racing;Combate Veicular;Electronic Arts;PlayStation;09/12/2024;5;2000;Hardcore;
495;Fatal Fury: Wild Ambition;Luta;SNK;PlayStation;09/12/2024;0.5;1999;-;
496;Ghost in the Shell;Ação;Production I.G.;PlayStation;10/12/2024;3;1997;Hardcore;
497;Guilty Gear;Luta;Arc System Works;PlayStation;18/12/2024;0.33;1998;-;
498;Gex;Plataforma;Crystal Dinamics;PlayStation;19/12/2024;8;1995;Hardcore;
499;Pandemonium!;Plataforma;Crystal Dinamics;PlayStation;20/12/2024;7;1996;Hardcore;
500;Pandemonium 2;Plataforma;Crystal Dinamics;PlayStation;21/12/2024;3;1997;-;
501;Bloody Roar;Luta;Hudson Soft;PlayStation;22/12/2024;0.5;1998;-;
502;Bloody Roar 2;Luta;Hudson Soft;PlayStation;22/12/2024;0.5;1999;-;
503;Medal of Honor;Tiro em Primeira Pessoa;Electronic Arts;PlayStation;26/12/2024;14;1999;Hardcore;
504;Medal of Honor: Underground;Tiro em Primeira Pessoa;Electronic Arts;PlayStation;29/12/2024;10;2000;Hardcore;
505;Titanfall 2;Tiro em Primeira Pessoa;Respawn Entertaiment;PC;31/12/2024;5.5;2017;-;
506;Capcom vs. SNK Pro;Luta;Capcom;PlayStation;02/01/2025;1;1999;-;
507;Pac-Man World;Plataforma;Namco Bandai;PlayStation;02/01/2025;5.5;1999;Hardcore;
508;The King of Fighters '95;Luta;SNK;PlayStation;04/01/2025;1;1995;-;
509;Marvel Super Heroes;Luta;Capcom;PlayStation;04/01/2025;0.5;1997;-;
510;Marvel Super Heroes vs Street Fighter;Luta;Capcom;PlayStation;04/01/2025;1;1999;-;
511;Marvel vs. Capcom: Clash of Super Heroes;Luta;Capcom;PlayStation;05/01/2025;1;2000;Hardcore;
512;Ms. Pac-Man: Maze Madness;Plataforma;Namco Bandai;PlayStation;12/01/2025;7.16;2000;Hardcore;
513;Metal: Hellsinger;Tiro em Primeira Pessoa;The Outsiders;PC;19/01/2025;3.5;2022;-;
514;Octopath Traveler;RPG;Square Enix;PC;26/01/2025;81.3;2018;-;
515;Space Runaway;Shmup;Soleil Ltd.;PC;05/02/2025;1;2022;-;
516;Wanted: Dead;Hack and Slash;Soleil Ltd.;PC;22/02/2025;12.75;2023;-;
517;Grand Theft Auto III - The Definitive Edition;Ação;Rockstar Games;PC;27/02/2025;17;2021;-;
518;Final Fantasy VII Rebirth;RPG de Ação;Square Enix;PC;21/03/2025;57;2024;-;
519;Dead or Alive 6;Luta;Koei Tecmo;PC;25/03/2025;3;2019;-;
520;Crisis Core: Final Fantasy VII Reunion;RPG;Square Enix;PC;31/03/2025;13;2022;-;
521;Super Smash Bros. for 3DS;Luta;Nintendo;Nintendo 3DS;04/04/2025;1;2017;-;
522;New Super Mario Bros.;Plataforma;Nintendo;Nintendo DS;09/04/2025;6;2006;Hardcore;
523;Kena: Bridge of Spirits;Aventura;Ember Lab;PC;09/04/2025;13;2022;-;Linux
524;Final Fantasy: 20th Anniversary Edition;RPG;Square Enix;PlayStation Portable;11/04/2025;32.57;2007;Hardcore;
525;Final Fantasy II: 20th Anniversary Edition;RPG;Square Enix;PlayStation Portable;16/04/2025;61.55;2007;Hardcore;
526;DiRT 5;Corrida;Codemasters;PC;22/04/2025;12.9;2020;-;Linux
527;Zone of the Enders;Hack and Slash;KONAMI;PlayStation 2;03/05/2025;7.16;2001;Hardcore;
528;Gun Survivor 3: Dino Crisis;Rail Shooter;Capcom;PlayStation 2;04/05/2025;1;2002;-;
529;Fashion Police Squad;Tiro em Primeira Pessoa;Mopeful Games;PC;04/05/2025;7;2021;-;Linux
530;Virtua Fighter 4;Luta;SEGA;PlayStation 2;04/05/2025;0.2;2001;-;
531;Death Stranding: Director's Cut;Ação;Kojima Productions;PC;07/05/2025;42.08;2021;-;Linux
532;Mafia III: Definitive Edition;Ação;Hangar 13;PC;17/05/2025;21.32;2020;-;Linux
533;Street Fighter EX3;Luta;Capcom;PlayStation 2;26/05/2025;0.33;2000;Hardcore;
534;The Last of Us Part II Remastered;Survival Horror;Naughty Dog;PC;27/05/2025;23.31;2020;-;Linux
535;Call of Duty: Vanguard;Tiro em Primeira Pessoa;Activision;PC;30/05/2025;6;2021;-;
536;Call of Duty: Modern Warfare (2019);Tiro em Primeira Pessoa;Activision;PC;01/06/2025;7.33;2019;-;
537;Mario Kart 8 Deluxe;Corrida;Nintendo;Nintendo Switch;17/06/2025;7;2017;-;
538;Mario vs. Donkey Kong (2024);Plataforma;Nintendo;Nintendo Switch;23/06/2025;5;2024;-;
539;Donkey Kong Country Returns HD;Plataforma;Nintendo;Nintendo Switch;25/06/2025;8;2025;-;
540;Mighty Morphin Power Rangers Rita's Rewind;Beat 'em Up;Digital Eclipse;Nintendo Switch;26/06/2025;4;2024;-;
541;Horizon Chase Turbo;Corrida;Aquiris;Nintendo Switch;30/06/2025;11;2018;-;
542;Horizon Chase 2;Corrida;Aquiris;Nintendo Switch;03/07/2025;5;2022;-;
543;Sonic Superstars;Plataforma;SEGA;Nintendo Switch;09/07/2025;10;2023;-;
544;Princess Peach Showtime!;Plataforma;Nintendo;Nintendo Switch;17/07/2025;12;2024;-;
545;Kirby's Return to Dream Land Deluxe;Plataforma;Nintendo;Nintendo Switch;25/07/2025;11;2023;-;
546;Anime Studio Story;Gerenciamento;Kairosoft;Nintendo Switch;01/08/2025;10;2020;-;
547;Ninja Gaiden: Ragebound;Plataforma;Dotemu;Nintendo Switch;04/08/2025;10;2025;-;
548;Metroid: Zero Mission;Metroidvania;Nintendo;Gameboy Advance;11/08/2025;13.5;2004;Hardcore;
549;Kirby: Nightmare in Dream Land;Plataforma;Nintendo;Gameboy Advance;14/08/2025;3.26;2002;Hardcore;
550;The Legend of Zelda: The Minish Cap;RPG de Ação;Capcom;Gameboy Advance;23/08/2025;28.5;2004;Hardcore;
551;Borderlands: The Pre-Sequel;Tiro em Primeira Pessoa;2K Games;PC;29/08/2025;16.5;2014;-;
552;Theatrhythm Final Bar Line;Musical;Square Enix;Nintendo Switch;12/09/2025;7.33;2023;-;
553;Sonic Racing: CrossWorlds;Corrida;SEGA;Nintendo Switch;01/10/2025;3;2025;-;
554;James Bond 007: From Russia with Love;Tiro em Terceira Pessoa;EA;PlayStation 2;02/10/2025;7.58;2005;Hardcore;
555;James Bond 007: Agent Under Fire;Tiro em Primeira Pessoa;EA;PlayStation 2;06/10/2025;9;2001;Hardcore;
556;James Bond 007: Nightfire;Tiro em Primeira Pessoa;EA;PlayStation 2;09/10/2025;8.25;2002;Hardcore;
557;James Bond 007: Everything or Nothing;Tiro em Terceira Pessoa;EA;PlayStation 2;13/10/2025;6;2004;Hardcore;
558;Star Fox Zero;Shmup;Nintendo;Nintendo Wii U;20/10/2025;5.28;2016;-;
559;Star Fox: Assault;Shmup;Nintendo;Nintendo GameCube;24/10/2025;9.7799999999999994;2005;Hardcore;
560;Mortal Kombat;Luta;Midway Interactive;Sega MegaDrive;01/11/2025;0.67;1993;-;
561;Mortal Kombat II;Luta;Midway Interactive;Sega 32X;01/11/2025;0.5;1994;-;
562;Mortal Kombat III;Luta;Midway Interactive;Sega MegaDrive;01/11/2025;0.5;1995;-;
563;Ultimate Mortal Kombat III;Luta;Midway Interactive;Super Nintendo;01/11/2025;1;1995;-;
564;Clair Obscur: Expedition 33;RPG;Sandfall Interactive;PC;09/11/2025;36.33;2025;-;Linux
565;Starlink: Battle for Atlas;Aventura;Ubisoft;Nintendo Switch;10/11/2025;20;2018;-;
566;Dispatch;Point and Click;ADHoc Studios;PC;14/11/2025;8;2025;-;Linux
567;Super Mario Maker 2;Plataforma;Nintendo;Nintendo Switch;23/11/2025;6.87;2019;-;
568;Mortal Kombat 1 (2023);Luta;Netherrealm Studios;PC;27/11/2025;15;2023;-;Linux
569;Hot Wheels Unleashed;Corrida;Milestone;Nintendo Switch;27/11/2025;10.5;2021;-;
570;Hot Wheels Unleashed 2: Turbocharged;Corrida;Milestone;Nintendo Switch;11/12/2025;14.75;2023;-;
571;Terminator 2D: No Fate;Run and Gun;Reef Entertainment;Nintendo Switch;12/12/2025;0.75;2025;-;
572;Marvel Cosmic Invasion;Beat 'em Up;Dotemu;Nintendo Switch;13/12/2025;5.9;2025;-;
573;Shinobi: Art of Vengeance;Plataforma;SEGA;Nintendo Switch;18/12/2025;12;2025;-;
574;Granblue Fantasy: Relink;RPG de Ação;CyGames;PC;27/12/2025;23.3;2024;-;Linux
575;Beyond Two Souls;Jogo Interativo;Quantic Dream;PC;27/12/2025;15.5;2013;-;Linux
576;Street Fighter V;Luta;Capcom;PC;28/12/2025;5.0999999999999996;2016;-;Linux
577;Final Fantasy XV: Windows Edition;RPG de Ação;Square Enix;PC;01/01/2026;28.28;2016;-;Linux
578;Forza Horizon;Corrida;Playground Studios;Xbox 360;24/01/2026;15.3;2012;-;
579;Final Fantasy XVI;RPG de Ação;Square Enix;PC;25/01/2026;58.6;2023;-;
580;Resident Evil: Director's Cut;Survival Horror;Capcom;PlayStation;01/02/2026;11.26;1997;Hardcore;
581;Forza Horizon 2;Corrida;Sumo Digital;Xbox 360;05/02/2026;8.67;2014;-;
582;Resident Evil Survivor;Rail Shooter;Capcom;PlayStation;06/02/2026;3;2000;Hardcore;
583;Gunstar Super Heroes;Run and Gun;SEGA;Gameboy Advance;15/02/2026;1.75;2005;Softcore;
584;Aero Fighters;Shmup;Khaos;Super Nintendo;18/02/2026;0.75;1993;Softcore;
585;The Mask;Plataforma;Black Pearl Software;Super Nintendo;19/02/2026;2.75;1995;Softcore;
586;Ice Climber;Plataforma;Nintendo;Nintendo 8-bits;21/02/2026;2.0299999999999998;1985;Softcore;
587;Galaga (Arcade Classic No. 3);Shmup;Namco;Gameboy;24/02/2026;0.75;1995;Softcore;
588;Galaxian (Arcade Classic No. 3);Shmup;Namco;Gameboy;24/02/2026;0.75;1995;Softcore;
589;Bomberman GB;Ação;Hudson Soft;Gameboy;02/03/2026;6.33;1995;Hardcore;
590;Resident Evil: Requiem;Survival Horror;Capcom;PC;05/03/2026;10.75;2026;-;
591;Star Wars Jedi Fallen Order;Aventura;EA;PC;17/03/2026;29;2018;-;
592;Doom: The Dark Ages;FPS;Bethesda;PC;20/03/2026;23;2025;-;
593;It Takes Two;Aventura;EA Originals;PC;03/05/2026;12;2021;-;
594;EA Sports UFC 4;Luta;EA;PlayStation 4;08/05/2026;25.2;2020;-;
595;Marvel's Spider Man 2;Aventura;Insomniac Games;PC;16/05/2026;28;2023;-;
596;Forza Horizon 6;Corrida;Playground Studios;PC;22/05/2026;36;2026;-;
597;Pragmata;Aventura;Capcom;PC;31/05/2026;10.7;2026;-;
598;007 First Light;Ação;IO Interactive;PC;13/06/2026;20;2026;-;
599;Life is Strange: Before The Storm Remastered;Point and Click;Square Enix;PC;18/06/2026;15.1;2022;-;
600;Gran Turismo HD Concept;Corrida;Polyphony Digital;PlayStation 3;21/06/2026;2;2006;-;
601;Virtua Fighter 5: Final Showdown;Luta;SEGA;PlayStation 3;25/06/2026;0.15;2012;-;
602;StarFox 64 3D;Shmup;Nintendo;Nintendo 3DS;26/06/2026;2.2999999999999998;2011;-;
603;LEGO Batman: Legacy of the Dark Knight;Aventura;TT Games;PC;30/06/2026;11.55;2026;-;
604;EA Sports FC 26;Esportes/Futebol;EA Sports;PC;30/06/2026;50.2;2025;-;Considerado fazer uma temporada perfeita (vencendo Liga, Super Copa, Copa da Espanha e Champions League)
605;Call of Duty: Modern Warfare II;FPS;Activision;PC;04/07/2026;15.2;2022;-;
606;Hollow Knight;Metroidvania;Team Cherry;PC;17/07/2026;29;2017;-;
607;Goldeneye 007 Reloaded;FPS;Eurocom/ Activision;PlayStation 3;18/07/2026;7;2011;-;
608;Soulcalibur IV;Luta;Namco Bandai;PlayStation 3;20/07/2026;2.4700000000000002;2008;-;
609;Cyberpunk 2077;RPG de Tiro;CD Projekt RED;PC;26/07/2026;29;2020;-;
610;Double Dragon Gaiden: Rise of the Dragons;Beat 'em Up;Secret Base;PC;02/08/2026;3.8;2023;-;
611;Stranger of Paradise: Final Fantasy Origin;RPG de Ação;Team NINJA;PC;27/08/2026;27.1;2022;;
